Unnamed: 0,Name_total,Label_total,Prediction_total,mutation
0,1SGY__1981,-1.6760064,2.141382103666404,I:Y13L
1,3SGB__3447,0.04153655,-0.1578271108148671,I:A9C
2,2J1K__2358,0.76484615,1.718753978211221,C:R24A
3,3SGB__3609,2.4713392,1.0125536334330367,I:T11L
4,3SGB__3477,2.2751536,1.2056923057453732,I:E13P
5,3SGB__3622,2.0356457,3.1001479376861867,I:Y14E
6,3SGB__3511,-1.344638,0.5058293486004751,I:K7I
7,3SGB__3528,5.0034957,2.3457779081033494,I:L12G
8,3SGB__3594,0.04153655,0.5288942235336642,I:R15Q
9,3SGB__3600,3.5919626,1.167782616576238,I:T11A
10,3SGB__3524,-0.013389315,0.6830032207614358,I:L12C
11,3SGB__3514,-0.6595436,0.9574279599831024,I:K7N
12,3SGB__3576,0.06572162,-0.1935062336141501,I:P8S
13,3SGB__3516,-0.62338936,0.5557445630357061,I:K7Q
14,3SGB__3629,2.0027843,1.5160647539361078,I:Y14M
15,3BK3__2556,1.3827282,1.2672919291129008,C:A37R
16,3SGB__3634,2.0356457,2.5042946464324367,I:Y14S
17,3SGB__3564,-1.0330986,-0.613454382503797,I:P8D
18,3SGB__3560,0.5260738,0.1399185001942123,I:N30W
19,1ACB__197,6.866746,3.279858112698767,I:L38D
20,3SGB__3533,3.399817,1.7920116591715098,I:L12N
21,3BK3__2568,1.7430197,1.708296589843293,C:T6P
22,3SGB__3632,3.2810476,2.3988667772420222,I:Y14Q
23,3SGB__3525,5.6686587,3.3518287004909104,I:L12D
24,3SGB__3475,-0.18949658,0.3959918284993678,I:E13M
25,1ACB__201,6.9490676,3.859961576412152,I:L38P
26,3SGB__3481,2.143485,0.9120633671021012,I:E13T
27,1S1Q__1971,0.2807825,2.038829579539494,A:W73A
28,3SGB__3513,-1.1662476,0.4131358147388415,I:K7M
29,3SGB__3569,-0.023633696,-0.4181155622501369,I:P8I
30,3SGB__3478,0.18353121,0.674340288389686,I:E13Q
31,3SGB__3483,1.5477023,0.5575427178963378,I:E13W
32,3SGB__3530,4.481256,1.8106830152204776,I:L12I
33,1ACB__202,5.0208483,1.6507800704062083,I:L38S
34,3SGB__3585,0.2279567,0.2690789914207768,I:R15F
35,3SGB__3606,3.507656,0.2950083439522744,I:T11H
36,3SGB__3532,0.43018958,0.88326191660717,I:L12M
37,3SGB__3574,-0.31602898,-0.4682414159950719,I:P8Q
38,3SGB__3515,0.0,1.9773696712740567,I:K7P
39,3SGB__3595,0.27762654,0.7508330795958318,I:R15S
40,3SGB__3517,-0.6926964,1.2554580060160545,I:K7R
41,3SGB__3467,1.1746745,0.4157703062097994,I:E13C
42,1ACB__198,6.646428,2.0362714042777954,I:L38E
43,3SGB__3573,-0.12480123,0.0633187369907272,I:P8N
44,3SGB__3510,-0.40146077,0.5238404534314035,I:K7H
45,1GL1__1083,4.259237,0.7319976225757975,I:L29V
46,3SGB__3556,0.579437,0.8648787694685575,I:N30R
47,3SGB__3550,0.19792347,0.4461923411145428,I:N30I
48,3SGB__3473,0.16878061,0.8502835693422521,I:E13K
49,3SGB__3450,-1.1806399,-0.1719303120192425,I:A9F
50,3SGB__3458,0.55270535,1.15676974918431,I:A9P
51,3SGB__3527,1.3740182,1.4136487967688711,I:L12F
52,3SGB__3633,2.7605486,2.8962014859100447,I:Y14R
53,3SGB__3526,5.982758,2.1656358228205983,I:L12E
54,3SGB__3491,4.092513,1.312606001771265,I:G26I
55,3SGB__3628,1.5761455,1.4438018921982605,I:Y14L
56,1SGN__1978,-3.399817,1.5233138832950024,I:N13L
57,3SGB__3509,-0.725558,1.4385436670808092,I:K7G
58,3SGB__3612,3.182076,1.8954290677242465,I:T11P
59,3SGB__3554,0.579437,0.9022783133575114,I:N30P
60,3BK3__2559,1.3077044,1.4484871301877975,C:I22A
61,3SGB__3587,0.4537338,0.4586527976082969,I:R15H
62,1ACB__200,4.2901506,1.524999380922281,I:L38I
63,3SGB__3568,0.27762654,-0.7090245313212178,I:P8H
64,1CT2__727,-3.2047203,1.0982439877466246,I:T13L
65,2A9K__2153,2.3176858,0.8065236011128348,B:G55D
66,3SGB__3531,3.182076,1.8403676555171664,I:L12K
67,3SGB__3544,0.34970456,0.0936367996208832,I:N30C
68,3SGB__3492,2.5250134,0.9188749126125813,I:G26K
69,3BP8__2604,0.61549425,-1.6085478379778892,C:A51F
70,2B42__2209,1.0761156,1.2771569273303525,A:H357Q
71,3SGB__3502,3.912062,0.6224005261764887,I:G26W
72,2SGQ__2490,-2.603541,1.2432169262422164,I:Q13L
73,1S1Q__1966,0.96552116,1.5884395348826268,A:D44A
74,1SGP__1979,-2.9891605,-0.6416261416480491,I:A13L
75,1GL0__1082,-0.56959,-2.3152988046076133,I:M28K
76,3SGB__3592,0.33107248,0.6349302510604372,I:R15N
77,3SGB__3462,0.33107248,0.5518602210498322,I:A9T
78,1KAC__1306,-0.7933806,0.6398539860205276,A:P15S
79,3SGB__3493,2.6581476,1.2696589339163964,I:G26L
80,3SGB__3529,1.7138757,1.7282951983413877,I:L12H
81,3SGB__3543,0.33107248,0.8317146276010567,I:N30A
82,3SGB__3501,2.7283423,1.035145751485324,I:G26V
83,1S1Q__1967,0.19934364,1.644948923462112,A:F42A
84,3SGB__3616,2.547891,0.7990586590719426,I:T11V
85,3SGB__3619,1.9436082,2.422749813004714,I:Y14A
86,3SGB__3577,-0.10867909,-0.0295445967943406,I:P8T
87,3SGB__3535,2.603541,1.3651073546671109,I:L12Q
88,1S1Q__1969,1.2319692,0.927614971559121,A:N43A
89,3SGB__3599,0.2939711,0.4899628538760718,I:R15Y
90,3SGB__3589,-0.277793,0.6455655664820333,I:R15K
91,3SGB__3452,-0.4531886,0.1488707125904082,I:A9H
92,3SGB__3597,-0.023633696,0.5259392840716814,I:R15V
93,3SGB__3464,-1.5536677,0.0922355637644391,I:A9W
94,2B42__2207,1.6384584,1.814428218765849,A:H357A
95,3SGB__3508,-0.725558,-0.0848317841034989,I:K7F
96,3SGB__3537,4.158235,1.7387174579572129,I:L12S
97,3BP8__2605,0.7089873,0.6907593688825228,A:F115A
98,3SGB__3459,0.43018958,0.4044512810793707,I:A9Q
99,3SGB__3601,2.9262657,0.6623115662339406,I:T11C
100,3SGB__3636,4.42169,2.163842902504041,I:Y14V
101,3SGB__3637,0.38874248,0.7217228597713463,I:Y14W
102,3BK3__2562,1.1755025,2.2007139826087303,C:I28R
103,2NU2__2412,-3.3669553,1.6569698215912798,I:R13L
104,1S1Q__1968,0.77525043,2.3421767405339438,A:F86A
105,3SGB__3631,6.27634,4.032098017848786,I:Y14P
106,3SGB__3590,0.2279567,0.2356980445885879,I:R15L
107,3SGB__3465,-1.6472776,-0.1500893486516981,I:A9Y
108,3SGB__3613,2.9403167,1.0023619939716413,I:T11Q
109,3BK3__2567,0.48639154,1.9213170631286625,C:T4P
110,1P6A__1581,0.0,1.677934698909121,A:Y87S
111,3SGB__3586,1.1071681,1.593077949296003,I:R15G
112,1SGQ__1980,-5.0034957,0.621166578434945,I:G13L
113,3SGB__3540,1.865208,2.028291585851114,I:L12W
114,2NU4__2413,-3.182076,1.7877781683561071,I:K13L
115,3SGB__3472,-0.62338936,0.3020274920178222,I:E13I
116,1CT0__726,-4.158235,0.4212509365386828,I:S13L
117,1CSO__725,-4.481256,1.6088668226268863,I:I13L
118,3SGB__3499,1.6076903,0.5515679868280653,I:G26S
119,3SGB__3479,1.2750467,1.1640135260798985,I:E13R
120,3SGB__3566,-0.3449348,-1.0196951070660347,I:P8F
121,3SGB__3503,3.0961108,0.415337023869096,I:G26Y
122,3SGB__3453,-0.4531886,0.4175789841531429,I:A9I
123,3SGB__3557,0.4089992,0.4718308776590946,I:N30S
124,3SGB__3449,0.6714747,0.6626243299286585,I:A9E
125,3SGB__3545,0.9109825,0.575822910327219,I:N30D
126,1S1Q__1970,0.6707527,1.226175457623358,A:V41A
127,1SGD__1976,-5.6686587,0.6999723666128266,I:D13L
128,3SGB__3522,-0.5848572,0.3426853836969071,I:K7Y
129,3SGB__3624,2.842396,3.227703435165466,I:Y14G
130,3SGB__3602,4.956134,1.750501576250771,I:T11D
131,3SGB__3506,-0.62338936,1.1921189599003137,I:K7D
132,3SGB__3618,3.3669553,0.8337766764120567,I:T11Y
133,3BK3__2560,2.1215649,1.4249033858313491,C:I22R
134,3SGB__3455,0.16878061,-0.1268636041918586,I:A9L
135,3SGB__3610,2.0356457,0.91980996325802,I:T11M
136,2B42__2208,2.567788,0.956377988474094,A:H357K
137,3SGB__3563,-0.32742262,-0.6490172063553195,I:P8C
138,3SGB__3504,-2.5721407,0.9366913595410672,I:K7A
139,3SGB__3474,0.77931386,0.582263506107097,I:E13L
140,3SGB__3448,0.47637805,0.9204204870075532,I:A9D
141,3SGB__3552,0.7407817,0.2625071246684996,I:N30L
142,3SGB__3496,1.0968642,2.1646232590488736,I:G26P
143,3SGB__3486,2.611657,0.2173459010818566,I:G26C
144,3SGB__3468,0.55270535,1.0143182162719,I:E13D
145,3SGB__3541,1.6760064,1.6659955205047778,I:L12Y
146,3SGB__3451,2.4864664,1.0278397464962674,I:A9G
147,3SGB__3620,1.6952436,1.708315188163427,I:Y14C
148,3SGB__3567,0.05375249,0.4704411894149853,I:P8G
149,3SGB__3548,0.31183532,1.0230870671149517,I:N30G
150,3SGB__3487,1.6249894,1.362656496157159,I:G26D
151,1P69__1580,0.0,1.6162895710034897,A:S15P
152,3BK3__2561,1.261516,1.4741808709809174,C:I28A
153,3SGB__3521,-0.013389315,0.1597327145698756,I:K7W
154,3BK3__2566,0.026335536,1.385780962875246,C:L2R
155,3SGB__3621,2.9118733,3.1681457683731824,I:Y14D
156,3SGB__3625,1.7138757,1.867800969762512,I:Y14H
157,3SGB__3604,3.6393247,0.572082491079292,I:T11F
158,3BK3__2558,0.42397052,1.7191802433436414,C:I19R
159,3SGB__3547,-0.1413744,0.1924196247300806,I:N30F
160,3SGB__3580,-0.40146077,-0.1105205817862055,I:P8Y
161,3SGB__3579,-0.5005508,0.1510443193185947,I:P8W
162,3SGB__3495,2.2751536,1.0224796710956816,I:G26N
163,3SGB__3583,0.6386131,0.538935096862434,I:R15D
164,3SGB__3611,3.254416,1.1135902929667725,I:T11N
165,3SGB__3500,3.0401776,1.1561366986690922,I:G26T
166,3SGB__3635,4.871827,2.854425615578222,I:Y14T
167,3SGB__3484,0.77931386,0.4902072094716986,I:E13Y
168,3SGB__3551,0.579437,0.4977505858063712,I:N30K
169,3SGB__3494,2.805796,0.7360303113158616,I:G26M
170,1SGE__1977,-5.982758,1.3667877023953403,I:E13L
171,3SGB__3578,-0.31041327,-0.1655614066682472,I:P8V
172,3BK3__2564,0.65087503,1.6182473438100666,C:I3R
173,3SGB__3456,0.08895801,-0.1303976487276094,I:A9M
174,3SGB__3476,1.1020385,0.9379134010548588,I:E13N
175,3SGB__3588,0.24351919,0.5300588731648816,I:R15I
176,3SGB__3607,1.7529136,0.5964291160529119,I:T11I
177,3SGB__3608,2.0356457,1.0521943241771554,I:T11K
178,3SGB__3603,4.797141,1.2484769473057489,I:T11E
179,3SGB__3523,2.9891605,1.5352974512674062,I:L12A
180,3SGB__3582,0.55270535,0.3995811694565208,I:R15C
181,3SGB__3505,-0.5848572,0.374845111363367,I:K7C
182,3SGB__3460,2.0356457,1.4603481555601283,I:A9R
183,3SGB__3497,2.9562988,1.320327948138707,I:G26Q
184,3SGB__3627,3.4329698,2.225201044380332,I:Y14K
185,3SGB__3534,8.445845,4.084529896775207,I:L12P
186,3SGB__3471,0.5260738,0.7048642164150064,I:E13H
187,3SGB__3463,-0.7847341,0.3046461976721907,I:A9V
188,3SGB__3605,5.584234,1.8988164949134945,I:T11G
189,3SGB__3584,0.6714747,0.6941253415311903,I:R15E
190,3SGB__3558,0.009847074,0.7619007474657511,I:N30T
191,3SGB__3490,2.7381892,0.5856055253449645,I:G26H
192,3SGB__3565,-0.62338936,-0.1064336115270018,I:P8E
193,3SGB__3630,3.158532,2.6346977109903884,I:Y14N
194,3BK3__2563,1.038654,1.3757474710186433,C:I3A
195,3SGB__3626,3.5919626,1.755733005423799,I:Y14I
196,3SGB__3617,3.0401776,0.8046910282780455,I:T11W
197,3BK3__2565,0.0,1.1046939441071797,C:L2A
198,1CT4__728,-3.0401776,1.2805272972559,I:V13L
199,3SGB__3520,-0.9551719,0.7532953309817392,I:K7V
200,1ACB__199,6.1180687,2.0903402917091687,I:L38G
201,3SGB__3596,0.4537338,0.737622645766309,I:R15T
202,3SGB__3572,-0.5005508,-0.6242466710144507,I:P8M
203,3SGB__3591,0.12754992,0.2293102487818135,I:R15M
204,3SGB__3593,7.684476,3.0792084187734634,I:R15P
205,3SGB__3555,0.24351919,0.1901298426426682,I:N30Q
206,3SGB__3480,1.9436082,0.9912569421366773,I:E13S
207,1HE8__1103,0.47535175,1.2221696997290863,A:K80V
208,3SGB__3485,1.2227967,0.8596599334861057,I:G26A
209,3SGB__3498,3.507656,1.9024093318977813,I:G26R
210,3SGB__3615,2.4662097,0.8915808424968016,I:T11S
211,1KAC__1307,-1.2527592,0.0397978978122341,A:S87Y
212,3SGB__3507,0.032206405,0.9093591072701976,I:K7E
213,3SGB__3581,0.05375249,0.9001395950795228,I:R15A
214,3SGB__3539,3.0401776,2.0931212041500613,I:L12V
215,3SGB__3553,0.14074539,0.1676678487322522,I:N30M
216,3SGB__3546,0.9627104,0.4907143287417185,I:N30E
217,2SGP__2489,-8.445845,0.3375165947597732,I:P13L
218,3BK3__2557,0.48639154,1.3168658553540042,C:I19A
219,3SGB__3466,1.0192363,0.9656990975050534,I:E13A
220,3SGB__3454,2.491424,0.3971165550767999,I:A9K
221,3SGB__3470,2.1049528,1.5135807163875254,I:E13G
222,3SGB__3549,-0.12480123,0.1200544846584775,I:N30H
223,3SGB__3623,0.16878061,0.6080800643969954,I:Y14F
224,3SGB__3598,0.31183532,0.314424332872139,I:R15W
225,3SGB__3614,1.972751,1.5140710767398322,I:T11R
226,3SGB__3561,-0.10867909,0.1949793688791005,I:N30Y
227,3SGB__3570,0.114053845,0.3558267272641919,I:P8K
228,2J1K__2356,0.1837519,0.7330202460977177,C:G10D
229,3SGB__3482,0.12754992,0.7468976365334475,I:E13V
230,2NU1__2411,-1.7138757,1.5597859234685436,I:H13L
231,3SGB__3457,-0.08912445,0.6177627699046738,I:A9N
232,3SGB__3461,0.9109825,0.3990363446119995,I:A9S
233,3SGB__3536,3.3669553,2.702301094832729,I:L12R
234,3SGB__3469,1.9436082,0.319504253672811,I:E13F
235,3SGB__3489,3.0223134,0.5968089527340252,I:G26F
236,3SGB__3538,3.2047203,1.5470183009095322,I:L12T
237,3SGB__3575,0.31183532,0.7498586214463215,I:P8R
238,3SGB__3512,-1.8173597,0.2510668296726998,I:K7L
239,3SGB__3562,-0.18949658,0.0602358057694455,I:P8A
240,3SGB__3519,-1.9490284,1.1587423931341403,I:K7T
241,3SGB__3488,1.972751,1.0700935826566265,I:G26E
242,2NU0__2410,-1.865208,1.9296713911435632,I:W13L
243,3SGB__3559,-0.24187581,0.5724076154017584,I:N30V
244,3SGB__3518,-2.587597,0.7111679032111983,I:K7S
245,3SGB__3571,-0.1413744,-0.5885518086973548,I:P8L
