Name_total,Label_total,Prediction_total,fold,mutation
3SGB__3523,2.9891605,2.6345721683131145,1,I:L12A
1H9D__1097,2.0774672,1.197650580366682,1,B:G60A
1PPF__1693,0.34582213,0.2429603606283301,1,I:N36V
3SGB__3499,1.6076903,1.7645811571426948,1,I:G26S
1A22__110,0.27845457,1.7996953999388556,1,A:R156A
1IAR__1130,3.7547178,1.53398103697622,1,A:R88A
1EMV__894,0.9219699,1.344134131841663,1,A:C21A
1R0R__1848,-0.6954318,-0.2189806112873853,1,I:K8Y
1PPF__1674,-0.49266446,2.887838967377568,1,I:L18V
1PPF__1728,-0.018343631,0.0717427705415085,1,I:R21Q
1KTZ__1353,0.86157036,1.9285127391487584,1,B:V53A
3SGB__3521,-0.013389315,-1.1085316688041578,1,I:K7W
1JTG__1231,2.561484,1.624709611528165,1,B:D49A
1GC1__1055,0.10526757,0.2023718178476468,1,C:Q33A
1R0R__1926,1.1732311,1.7943218755411663,1,I:T12A
1PPF__1608,2.1206496,1.1541921400743478,1,I:E19K
1Z7X__2150,2.6241355,2.7840025966049726,1,W:Y437A
1A22__61,0.15543823,1.1440693516295215,1,A:H21A
1R0R__1849,0.31460878,1.48463527468787,1,I:L13A
3SGB__3559,-0.24187581,0.3756935215069854,1,I:N30V
1R0R__1935,0.66873926,0.5079328759694772,1,I:T12L
1PPF__1678,0.6045564,0.1615466675235242,1,I:N36C
1R0R__1910,0.344642,0.6633281431967615,1,I:R16E
3SGB__3599,0.2939711,0.396212910407207,1,I:R15Y
3SGB__3602,4.956134,3.4200237785495804,1,I:T11D
3SGB__3453,-0.4531886,-0.2861097734986538,1,I:A9I
3SGB__3459,0.43018958,0.2193963838558005,1,I:A9Q
1PPF__1621,1.1791041,1.6003295919297125,1,I:G32C
1R0R__1834,-0.79452187,-0.3498016582200038,1,I:K8F
1R0R__1924,0.94539875,0.2699558139873639,1,I:R16W
1KTZ__1338,2.3430545,1.9021752388692943,1,B:I26A
1R0R__1961,5.474549,5.193324010324895,1,I:Y15T
1PPF__1680,-1.0183489,1.064088709749461,1,I:N36E
2WPT__2515,4.5031695,1.3687498165880536,1,A:E38A
1PPF__1675,7.5441813,4.790544854861562,1,I:L18W
1A22__134,0.15543823,0.0672326825122325,1,A:S62A
1CT4__728,-3.0401776,-2.172778492131521,1,I:V13L
1IAR__1128,0.426889,1.4359726488375533,1,A:R85A
2VLQ__2508,-3.880681,-0.3915197815700446,1,B:A86F
1EMV__919,-0.27772808,1.0866394065859406,1,B:Q92A
2FTL__2279,7.0272107,8.295088136009623,1,I:K15F
1PPF__1589,1.127554,0.9774551485454236,1,I:A15K
2SIC__2498,-0.24021861,0.7035400808974581,1,I:M67L
1SBN__1975,-0.3099994,1.0495955456158266,1,I:R38K
1F47__947,2.2953265,1.383538540124032,1,A:L12A
1R0R__1780,3.0729842,1.683998018755125,1,I:A10K
1BRS__419,6.8208556,5.762350842698216,1,A:H100G
1A22__162,0.34823537,1.4397569420655023,1,A:Y153A
1A22__88,0.31437176,0.998057229409614,1,A:N63A
3SGB__3486,2.611657,1.6566233623605733,1,I:G26C
3SGB__3619,1.9436082,2.881439627844489,1,I:Y14A
3SGB__3548,0.31183532,1.018957224007264,1,I:N30G
3SGB__3537,4.158235,3.430631884211631,1,I:L12S
3SGB__3551,0.579437,0.4269493775083141,1,I:N30K
1A4Y__196,0.24526079,0.7058371598033393,1,A:Y437F
1TM1__1995,1.2561543,1.03331505980082,1,I:R43A
1R0R__1894,-0.21651737,0.2594441927202214,1,I:P9H
2G2U__2327,2.3017445,0.8695304143505165,1,B:Y53A
1A22__131,0.34823537,0.4616313333978599,1,A:S51A
1PPF__1731,-0.34960973,-0.2698763259599744,1,I:R21V
3SGB__3600,3.5919626,2.4877729452178663,1,I:T11A
1AK4__222,1.3641711,1.9504600483311176,1,D:I91V
3SGB__3514,-0.6595436,-0.82826249693724,1,I:K7N
1BRS__418,4.550591,5.62045996857627,1,A:H100D
1PPF__1701,0.09338758,-0.4520008429786829,1,I:P14G
1R0R__1809,1.8495139,1.5690641856153202,1,I:E14W
1JTG__1230,-1.9827645,-0.4392335407003713,1,B:D163K
2HRK__2335,0.7210697,0.7846616489805507,1,A:T108V
1R0R__1799,2.7119977,2.5638189485257934,1,I:E14K
1PPF__1733,0.22063163,-0.0366629301222963,1,I:R21Y
1R0R__1896,0.344642,0.3365172690558937,1,I:P9K
1FFW__996,0.71329606,0.757748768608829,1,A:Y105W
1XD3__2077,0.0,1.4778283181954834,1,B:H68N
1PPF__1683,-0.53300625,0.718246667690546,1,I:N36H
1LFD__1354,-0.5790618,0.0954421441269893,1,A:D38A
1EMV__926,-0.24112797,0.2495464767395972,1,B:S74A
1GC1__1031,0.28255463,0.8880912770983661,1,C:H27A
1AK4__213,2.1339338,1.9621124978335496,1,D:A88V
1R0R__1944,-0.87882835,2.040523327189109,1,I:T12Y
1XD3__2083,1.344086,0.0960782356381827,1,B:K6A
1PPF__1712,-1.525053,-0.955581217463613,1,I:P14V
1EAW__890,0.5021536,0.876857110393143,1,A:Y141A
1PPF__1684,0.8715067,0.4509895658679053,1,I:N36I
1IAR__1113,-0.014812071,0.238804072959238,1,A:K12S
1PPF__1584,0.105603516,0.3182765557939368,1,I:A15E
1Z7X__2140,0.3374211,1.864480724464022,1,W:I459A
1A4Y__175,-0.3099994,0.9632016764114472,1,A:K320A
1A4Y__169,-0.3227247,1.1979841340951665,1,B:E108A
2O3B__2469,4.073704,3.198241450384638,1,B:W76A
2G2U__2319,-0.95614195,-0.3145202081279791,1,B:S39A
1R0R__1810,1.8898556,2.03637915389548,1,I:E14Y
1R0R__1776,-2.2429996,0.4422481366869404,1,I:A10F
1R0R__1852,2.177368,3.011675833199806,1,I:L13E
3SGB__3538,3.2047203,2.99959228546504,1,I:L12T
1BRS__410,2.2351797,1.5497435561472277,1,A:E71F
3SGB__3507,0.032206405,-0.6288381929015606,1,I:K7E
1KTZ__1349,4.48436,0.7972871847598696,1,B:S28L
3SGB__3494,2.805796,2.125144783413186,1,I:G26M
1KAC__1306,-0.7933806,0.5031683720507625,1,A:P15S
1PPF__1766,4.6970696,4.02997631343956,1,I:Y20Q
1PPF__1703,-1.6513598,-1.8592046884513296,1,I:P14I
1FFW__988,0.63914293,1.4407292884122749,1,B:E20A
1JTG__1261,-0.38275692,1.1906927720571077,1,A:P82A
4CPA__3707,0.5019833,2.244455944146471,1,I:Y36G
3SGB__3447,0.04153655,-0.0937263727096261,1,I:A9C
1FCC__978,3.7731838,2.4409892084210427,1,C:W43A
3SGB__3532,0.43018958,1.4750798179581457,1,I:L12M
3SGB__3477,2.2751536,1.1983168383109457,1,I:E13P
1Y1K__2110,-2.7283423,-1.2772462765634782,1,I:A39T
1EAW__870,-0.42881265,0.904844745432696,1,A:F50A
2G2U__2312,1.7170486,1.0498649696461797,1,B:H41A
1PPF__1590,0.017792689,0.0954124845108587,1,I:A15L
1PPF__1752,2.4808543,2.305515746005609,1,I:T17Y
1R0R__1925,0.82332456,0.3532264774487051,1,I:R16Y
1PPF__1685,2.6217687,1.0751456904749377,2,I:N36K
1XD3__2084,0.30263966,0.8321847634097699,2,B:K6R
1R0R__1912,2.0894363,1.0254901823168376,2,I:R16G
1JTG__1251,3.2497003,1.8891253896540936,2,B:H41A
1JTG__1239,4.0619283,1.2799849675070327,2,A:E85A
1R0R__1946,3.2540267,3.0936560801414714,2,I:Y15C
1R0R__1837,1.1239525,-0.300316871152203,2,I:K8I
1PPF__1627,3.306267,2.0397416975427656,2,I:G32K
2B12__2203,-1.5754839,-0.0373316066936334,2,B:Y87F
1BRS__407,-0.32587606,1.9397224283202328,2,A:E58A
1PPF__1670,3.306267,3.970205848534645,2,I:L18Q
1A22__34,0.41065642,0.7350434772399392,2,A:E56A
1A22__60,-0.48639154,0.3623247889910382,2,A:H18A
1R0R__1918,-0.050451912,0.2937467919542602,2,I:R16N
1PPF__1659,-0.08952337,1.5737474653720482,2,I:L18C
1CSE__722,2.9825015,1.8985357879016087,2,I:L38I
1KTZ__1347,0.77311945,0.8770973813721701,2,B:S25A
1BRS__432,3.470544,2.351409197654616,2,D:Y29A
3SGB__3529,1.7138757,2.736987549589325,2,I:L12H
3BTH__2850,-8.781781,-5.387263801757536,2,I:H13K
1PPF__1612,3.2103827,1.8173269866024624,2,I:E19P
2WPT__2536,0.11930191,1.0436229610975096,2,B:V91A
4CPA__3700,2.5961404,1.4406036764820378,2,I:P35G
2VLO__2506,-1.9605148,-0.8771304690025641,2,B:A95K
1BRS__422,5.3809495,2.624101635346704,2,A:K25A
1AK4__227,2.3559217,1.795622908264418,2,D:V86A
1A22__89,0.2956283,0.78794709497505,2,B:N173A
3SGB__3575,0.31183532,0.3563320594227543,2,I:P8R
3SGB__3513,-1.1662476,-0.9264399012434557,2,I:K7M
1PPF__1736,4.9236784,3.074350124897524,2,I:T17D
3SGB__3535,2.603541,2.6029179336090165,2,I:L12Q
1R0R__1922,0.344642,0.9035007251672056,2,I:R16T
1A22__158,0.5143008,0.8600889562203609,2,B:W35A
3SGB__3623,0.16878061,0.8557122617288578,2,I:Y14F
1F47__942,1.1393417,2.5536383959305726,2,A:D7G
1A22__24,0.0,0.6910228499022443,2,B:C67A
3SGB__3597,-0.023633696,0.3808472301028029,2,I:R15V
1A22__39,1.6927218,0.7702306525087447,2,B:E12A
1PPF__1725,-0.75961477,-0.0078545115448418,2,I:R21M
1R0R__1947,5.771293,4.540756673853659,2,I:Y15D
1GC1__1056,-0.41065642,0.9087599562934172,2,C:Q40A
1A22__149,0.11091385,0.6958195357649579,2,B:T32A
1F47__941,1.7336587,1.928823737650028,2,A:D7A
1EMV__929,-0.109472424,0.4340867664814947,2,B:S84A
2FTL__2283,8.864103,8.162591491066964,2,I:K15L
3SGB__3598,0.31183532,0.3930933267423592,2,I:R15W
1R0R__1956,5.616447,4.081366865391081,2,I:Y15N
1BRS__427,5.564701,3.0746062061071777,2,A:R85A
3SGB__3509,-0.725558,-0.2722247963208573,2,I:K7G
1PPF__1768,3.6438136,3.869447278758584,2,I:Y20S
1A22__35,-0.47307748,0.1253738320568093,2,A:E65A
3SGB__3539,3.0401776,3.351917040100222,2,I:L12V
1R0R__1801,1.5712368,1.3034921363480074,2,I:E14M
1PPF__1602,1.4026328,1.0727135770382674,2,I:E19C
1TM5__2007,-1.0276679,-2.519061627462196,2,I:A40M
1R0R__1790,0.20706579,0.1825576022196885,2,I:A10W
1A22__117,1.6426257,0.8146535332117459,2,A:R64A
1PPF__1671,7.1845417,5.081063240528232,2,I:L18R
1Z7X__2141,1.3213246,1.04859983337723,2,W:K320A
1EAW__874,-0.8225061,0.7665650705593808,2,A:I26A
3SGB__3601,2.9262657,2.3338870044885334,2,I:T11C
1KTZ__1339,1.8168123,2.0380513614329443,2,B:I29A
1B2U__316,-5.046028,-2.5359017938881894,2,A:A27K
1PPF__1585,-0.07295021,-0.440153364105215,2,I:A15F
1R0R__1932,0.52568454,1.4406945519184262,2,I:T12H
2G2U__2307,0.2758273,0.6228616717304625,2,B:F142A
1JTG__1259,-0.45580518,0.2860753927425775,2,A:N75A
1PPF__1662,5.1694956,2.648992293158856,2,I:L18F
1PPF__1620,0.23538224,1.8968083157828908,2,I:G32A
1R0R__1929,3.213685,1.8778544290900443,2,I:T12E
1MAH__1401,8.13113,2.161746187351505,2,A:W276R
1IAR__1106,3.1128292,1.1296898749719462,2,A:E9Q
2WPT__2511,-3.4034023,-0.2662302158284434,2,A:D30L
1KAC__1307,-1.2527592,0.0029111648034006,2,A:S87Y
1FC2__960,1.4339519,2.4228316926689524,2,C:L13D
3SGB__3579,-0.5005508,-0.0087159955055077,2,I:P8W
3SGB__3473,0.16878061,1.2614825016997908,2,I:E13K
1PPF__1588,0.32947758,0.022499196020494,2,I:A15I
2FTL__2282,11.171452,9.018252776790888,2,I:K15I
1S1Q__1966,0.96552116,1.0308123034686476,2,A:D44A
2SIC__2497,0.0,0.5954563585378224,2,I:M67K
3SGB__3455,0.16878061,-0.572327169621203,2,I:A9L
3SGB__3460,2.0356457,0.8907169743431117,2,I:A9R
1PPF__1677,-1.6455227,0.5171684689166005,2,I:N36A
1PPF__1591,-0.40133756,-0.1576951756404919,2,I:A15M
3SGB__3448,0.47637805,0.4116816874594675,2,I:A9D
1R0R__1923,0.11502811,0.42997987462253,2,I:R16V
1PPF__1704,-0.44869977,-0.8625902260110428,2,I:P14K
1R0R__1831,-0.6156695,-0.2880245779761963,2,I:K8C
1PPF__1635,2.8123996,2.0694242755971604,2,I:G32T
1PPF__1592,0.9154713,0.3371299249916124,2,I:A15N
1EMV__910,3.4192789,2.184701738581815,2,A:L31A
1A22__161,2.7848089,0.6230144870209595,2,B:W63F
3SGB__3533,3.399817,3.6688133019009297,2,I:L12N
1TM1__1994,0.056466706,0.9560738491715092,2,I:M40Y
1PPF__1618,1.530076,1.0133561225407797,2,I:E19W
2PCB__2476,0.82131284,0.9981366616661004,2,A:D34N
3SGB__3604,3.6393247,2.63307442610786,2,I:T11F
1EMV__937,1.0893401,1.562034477322285,2,B:V98A
2J0T__2345,4.289029,2.350239252112533,2,D:T2A
3SGB__3469,1.9436082,0.5526197438299317,2,I:E13F
1TM1__1988,2.9246554,1.8844201579571311,2,I:E41A
1GC1__1045,1.0560203,1.2443189935080743,2,C:L44A
1PPF__1619,1.2488849,1.1486255941421808,2,I:E19Y
1PPF__1699,-1.4290054,-1.0157284773886566,2,I:P14E
1R0R__1806,3.1751528,2.2579463589799373,2,I:E14S
2O3B__2467,5.3983636,2.435635067228185,2,B:E24Q
4CPA__3705,1.2793907,0.5511633675624158,2,I:V37L
3SGB__3561,-0.10867909,0.3619482256073018,2,I:N30Y
1A22__70,-0.15484607,1.1567264051601949,2,A:K157A
3SGB__3609,2.4713392,2.409611539454769,2,I:T11L
3SGB__3528,5.0034957,4.195565905163972,2,I:L12G
1R0R__1842,-0.53088915,-0.3715720319574604,2,I:K8Q
1PPF__1718,0.46085024,0.3581706103855495,3,I:R21E
3SGB__3603,4.797141,3.039116636319032,3,I:T11E
2SIC__2500,0.71329606,0.0077966330125746,3,I:M67V
1H9D__1098,0.94020057,2.19798899930534,3,B:L93A
1A22__105,0.017173724,0.4967167493368963,3,B:Q121A
1GL1__1083,4.259237,0.9483404987287732,3,I:L29V
1KTZ__1333,2.0737526,1.4931469638554993,3,B:E95Q
2WPT__2522,2.9276857,0.340389844167318,3,A:P53A
1EMV__930,0.7284602,1.290758910338514,3,A:T25A
1A22__80,0.081285074,0.4091201085393177,3,B:K80A
1R0R__1901,1.1024064,0.6072296764706875,3,I:P9R
1KTZ__1334,3.4266386,1.97579091300604,3,B:F6A
1A4Y__177,4.2524276,1.2503241056080072,3,B:K40Q
1PPF__1765,5.3671613,5.574547859301643,3,I:Y20P
2FTL__2272,2.2143898,3.602439237540857,3,I:G36A
3SGB__3615,2.4662097,2.352143320027285,3,I:T11S
1A22__52,0.41065642,1.836633312213348,3,A:F165A
3SGB__3633,2.7605486,3.2748258826345475,3,I:Y14R
1R0R__1851,4.539324,2.708474717830004,3,I:L13D
2WPT__2517,0.49740836,1.219091418928197,3,B:K90A
1R0R__1948,4.618198,4.588153833771601,3,I:Y15E
1JTG__1229,-1.3409348,-0.0102924010423695,3,B:D163A
1R0R__1830,-0.6100001,0.0877927609015657,3,I:K8A
1A4Y__174,0.67943245,0.7991317554481274,3,A:I459A
1SBB__1972,-0.09132688,1.3672693667812863,3,B:L20T
1PPF__1615,1.8462117,1.3150206454369178,3,I:E19S
1FCC__971,0.27225083,1.141629241393212,3,C:D40A
1PPF__1687,1.0943238,0.2030173897457725,3,I:N36M
3SGB__3569,-0.023633696,-0.2530543745322218,3,I:P8I
2WPT__2534,0.52622044,0.9444990179216514,3,B:T80A
1TM1__1992,2.2329054,1.5650089517989076,3,I:M40G
1EAW__873,-0.014480199,0.7196528099322517,3,A:H138A
1TM1__2004,4.6809673,2.7598655284286364,3,I:Y42G
1ACB__202,5.0208483,4.822607354520422,3,I:L38S
1A22__26,0.790924,0.8597426432435443,3,A:D160A
1KTZ__1346,2.201497,1.733651417319936,3,A:R64K
1R0R__1793,2.3715823,1.6932589616809617,3,I:E14C
1F47__950,-0.04559572,1.3371827569842485,3,A:Q15A
1PPF__1755,6.419518,3.949057235630857,3,I:Y20D
1UUZ__2014,1.7748275,1.6332516267830477,3,A:H62A
1GC1__1064,0.29268223,0.0273720774871384,3,C:S23A
1BRS__428,1.8576298,2.281685719750857,3,D:T42A
3SGB__3517,-0.6926964,0.0459638328876746,3,I:K7R
1F47__951,0.86936694,1.749795961740857,3,A:Y5A
1R0R__1900,-1.414623,0.1399438683111817,3,I:P9Q
1Y34__2112,-3.0542183,-1.608499533824515,3,I:A41E
1KTZ__1330,1.6630963,1.7525391145953668,3,B:E31A
1R0R__1951,3.4711196,3.349554329812696,3,I:Y15H
1R0R__1804,1.2821743,2.346487355657568,3,I:E14Q
1PPF__1606,0.69046414,0.9716461916699703,3,I:E19H
1R0R__1798,0.7369973,0.6642432117915342,3,I:E14I
1PPF__1672,3.0920286,2.1974985959163944,3,I:L18S
3SGB__3531,3.182076,2.6048112324621027,3,I:L12K
3SGB__3578,-0.31041327,-0.2138511078654952,3,I:P8V
1GL0__1082,-0.56959,-2.1096886004985578,3,I:M28K
1GC1__1072,-0.14889173,0.4572931121195634,3,C:T45A
1FFW__990,3.6459398,1.2530621878164327,3,B:F56A
3SGB__3492,2.5250134,2.9543144396909145,3,I:G26K
3SGB__3630,3.158532,2.987100156140458,3,I:Y14N
1IAR__1112,0.13947128,0.1461503418261888,3,A:K12E
1A22__49,-0.18216991,0.6096280622159694,3,B:E79A
1JTG__1284,-0.40694198,1.4969671157414397,3,B:Y50A
1EMV__907,0.8481252,2.4438648826577194,3,A:I51A
1EMV__921,0.17317432,0.1040407336364755,3,A:S26A
1PPF__1742,3.3887732,2.4326113804137326,3,I:T17K
2G2U__2322,1.7852217,1.8689705530898144,3,B:W150A
1PPF__1593,1.9954592,0.9284744852673172,3,I:A15P
1SMF__1987,2.0460517,2.552451403266718,3,I:T2A
1PPF__1737,3.0410116,2.6767765411436457,3,I:T17E
1PPF__1692,0.5528879,-0.2413618118617038,3,I:N36T
1EMV__931,0.8999665,1.562884705658754,3,A:T36A
1R0R__1927,0.81319696,1.288377740152496,3,I:T12C
1A4Y__172,0.17043781,0.4920356874620081,3,B:H84A
2A9K__2153,2.3176858,0.8503575251285184,3,B:G55D
3SGB__3563,-0.32742262,-0.4472031492780874,3,I:P8C
1R0R__1959,4.470017,4.542388152677708,3,I:Y15R
2WPT__2532,-0.14954314,0.4010447365493838,3,B:S71A
1PPF__1740,1.6936487,2.036774183332645,3,I:T17H
3BP8__2605,0.7089873,1.5854140083255166,3,A:F115A
1R0R__1867,0.44681063,1.555390080184349,3,I:L13Y
1R0R__1797,1.7088131,1.924831456284446,3,I:E14H
1KTZ__1332,1.9408518,1.7406011016296408,3,B:E95A
3BK3__2564,0.65087503,1.0445322367203482,3,C:I3R
1A22__55,-0.44731462,0.5519965222045117,3,A:F25A
1H9D__1099,2.3043716,1.3882745592809802,3,B:N94A
1R0R__1775,4.577856,0.8915212830094994,3,I:A10E
2SIC__2495,0.21785927,0.0208254498850464,3,I:M67H
2PCB__2480,0.6760073,0.9220225560126584,3,A:E35Q
1JTG__1257,0.738821,1.811930470275288,3,A:M104A
1A4Y__179,0.3002651,1.031293876699421,3,B:Q12A
1R0R__1942,0.93717015,1.3086806058516305,3,I:T12V
1PPF__1750,1.4817438,2.1799778031271257,3,I:T17V
1R0R__1937,0.017864227,2.144620967623609,3,I:T12N
1R0R__1789,-0.9535147,-0.35915512119288,3,I:A10V
1A4Y__188,0.10065702,1.1785002370240518,3,A:W261A
1TM1__2000,2.0990736,1.780077492984089,3,I:T39D
1LFD__1370,1.1793077,0.640769016768007,3,A:K39A
2SIC__2496,1.6043897,0.0377444457783396,3,I:M67I
1EMV__928,-0.5401385,1.1899908752661204,3,B:S78A
3SGB__3621,2.9118733,3.164621976318962,3,I:Y14D
1FFW__991,0.033863615,0.8403538025158919,3,B:H23A
3SGB__3487,1.6249894,3.0874411061417084,3,I:G26D
1PPF__1722,-0.8112832,-0.1100953706280516,3,I:R21I
3SGB__3534,8.445845,5.627576006923519,3,I:L12P
1PPF__1717,0.20805256,-0.058607503968362,3,I:R21D
3SGB__3617,3.0401776,2.5633219858008967,3,I:T11W
3SGB__3555,0.24351919,0.3212359731735444,3,I:N30Q
2J0T__2339,4.308547,1.4231054253097968,3,D:C70S
1S1Q__1971,0.2807825,1.5720964270574476,3,A:W73A
1MAH__1404,4.8160243,2.822910992039927,3,A:Y69N
2HLE__2332,-0.41065642,0.7539916599346684,3,A:K141Q
1TM1__1989,2.7477686,1.7291312752929129,3,I:E41S
1JCK__1148,1.7748275,1.4483703270498969,3,B:Y26A
1A22__32,-0.9246088,1.071931289878863,4,A:E163A
1FCC__974,1.2561543,1.937580257242314,4,C:K28A
1KTZ__1350,1.9601203,1.7470915261142794,4,B:T27A
1R0R__1840,-0.3908401,-0.2994594596166099,4,I:K8N
1PPF__1767,4.372321,4.067021251020706,4,I:Y20R
3SGB__3562,-0.18949658,-0.1767328512099664,4,I:P8A
3BK3__2556,1.3827282,0.8511836311197416,4,C:A37R
3SGB__3472,-0.62338936,0.5549520253940184,4,I:E13I
1Y3B__2113,-2.7477686,0.0347649165177666,4,I:S41E
1R0R__1845,0.8897487,-0.1971035528635217,4,I:K8T
1PPF__1727,6.7055693,1.2226327096215777,4,I:R21P
3SGB__3510,-0.40146077,-0.8562973332651674,4,I:K7H
1EAW__872,0.89202005,0.0923468648005567,4,A:F92A
1JCK__1144,1.6426257,1.208080359575838,4,B:N60A
1PPF__1629,2.195336,1.9218069495149737,4,I:G32M
3SGB__3497,2.9562988,2.6384419455077626,4,I:G26Q
3SGB__3546,0.9627104,0.3855439499813338,4,I:N30E
1R0R__1960,5.1627135,3.9335022386879857,4,I:Y15S
1EMV__927,-0.2329935,0.2279684970979881,4,B:S77A
1A4Y__195,0.8363124,1.3525270204319026,4,A:Y437A
2J0T__2354,-0.07573514,1.6202878794471158,4,D:V69T
3BK3__2559,1.3077044,1.338044081512676,4,C:I22A
1R0R__1891,-2.2429996,0.4059058688892717,4,I:P9E
1GC1__1024,-0.31932956,0.5530798070231538,4,C:D63A
3SGB__3608,2.0356457,3.235667002991551,4,I:T11K
1JTG__1268,0.7919731,0.3906010838082001,4,A:S105A
1XD3__2072,-0.41065642,0.4423570705896665,4,B:D39A
2AJF__2158,1.8239344,1.2370156357199824,4,E:T159S
1R0R__1859,1.5003896,1.5521485988086674,4,I:L13N
2FTL__2280,12.352226,8.554987965414885,4,I:K15G
1R0R__1808,0.09477137,2.126957811035819,4,I:E14V
2J0T__2346,2.6821537,2.387353934199731,4,D:T2L
1CT0__726,-4.158235,-3.316935716900946,4,I:S13L
1R0R__1953,5.512418,3.629841745461345,4,I:Y15K
1UUZ__2016,1.5196093,1.8912466053360644,4,A:H62N
1R0R__1857,3.3453536,1.5607951262720705,4,I:L13K
1SMF__1986,1.8999716,1.3175989759442477,4,I:S4A
1JTG__1274,-0.014392254,0.4370290692935725,4,B:T140K
1R0R__1939,2.2216382,1.1127826417190334,4,I:T12Q
1S1Q__1968,0.77525043,1.821938093762816,4,A:F86A
3SGB__3620,1.6952436,2.413415768357092,4,I:Y14C
1IAR__1111,0.7960983,0.7957234489632689,4,A:I5R
3SGB__3458,0.55270535,0.8557795332310043,4,I:A9P
1LFD__1356,-0.2796774,0.3051580422688582,4,A:D43A
2WPT__2520,0.91782534,0.6665258802618365,4,B:N65A
2HRK__2336,0.62420064,0.9713636579432158,4,B:T55V
1R0R__1863,1.5712368,1.404305909580866,4,I:L13S
2FTL__2277,11.502718,8.473163752056243,4,I:K15D
1R0R__1781,-1.7550112,-0.4375023479455162,4,I:A10L
3BTQ__2852,-9.370644,-7.634603783863521,4,I:Q13K
1PPF__1711,-0.26417795,-0.8266801278462824,4,I:P14T
1TM1__2003,2.1795297,2.951834115468045,4,I:Y42A
1A22__73,-0.017686447,0.4662885991341757,4,B:K122A
1JTG__1236,1.5529525,2.629225089081989,4,A:E79A
1PPF__1696,-0.12412894,-0.6557885798947618,4,I:P14A
3SGB__3489,3.0223134,2.5896826110286058,4,I:G26F
1GC1__1050,0.70833826,0.1667150050339791,4,C:N52A
1A4Y__173,0.9041151,0.2777733784778646,4,B:H8A
1TMG__2009,-1.0276679,0.3157729535074516,4,I:F40M
2B42__2208,2.567788,0.7365323414742365,4,A:H357K
1Z7X__2135,3.6624305,1.7049089655414562,4,W:D435A
1PPF__1660,7.613488,5.825486431214731,4,I:L18D
1JTG__1270,-0.16837136,0.1653471325893885,4,B:S113A
1A22__125,0.2740822,0.7901374600956591,4,B:R172A
3SGB__3465,-1.6472776,0.0105863563063988,4,I:A9Y
3SGB__3500,3.0401776,2.406528872227185,4,I:G26T
3SGB__3461,0.9109825,0.1152299823840593,4,I:A9S
1A4Y__189,1.171374,1.7287695756467507,4,A:W263A
2B42__2207,1.6384584,1.6314349614924737,4,A:H357A
1LFD__1355,-1.0864805,-0.1080268190989752,4,A:D38K
2VLN__2505,-2.335586,-1.0684994791031204,4,B:A75N
1IAR__1107,-0.086470686,0.9101604640407348,4,A:F82A
1R0R__1908,0.11502811,0.3622324198974911,4,I:R16C
1R0R__1909,-0.17991725,0.3799691888351553,4,I:R16D
1SGY__1981,-1.6760064,-1.8761063887967404,4,I:Y13L
3SGB__3553,0.14074539,0.0849920279777101,4,I:N30M
1R0R__1903,1.19775,0.1038370615034722,4,I:P9T
1A22__121,0.52157027,1.285045220751008,4,B:R11L
1B2S__315,-4.1682487,-2.1129967444634112,4,D:A43T
2FTL__2281,8.781781,7.397203818111588,4,I:K15H
1A4Y__182,0.9102508,0.2024018268586783,4,B:R32A
1R0R__1890,-2.5212765,0.2322441970069705,4,I:P9D
1JTG__1246,3.2014196,1.9615640374836472,4,B:F36A
1S1Q__1970,0.6707527,0.9252990980293055,4,A:V41A
3SGB__3628,1.5761455,2.2797790903212416,4,I:Y14L
1E96__18,2.0430412,0.6043246588435872,4,A:I33N
3BK3__2557,0.48639154,0.846300120476949,4,C:I19A
1JCK__1146,1.6548417,1.6555184616580534,4,B:T20A
1KTZ__1348,0.66309094,2.265296969619357,4,B:S28A
1AK4__216,3.4416382,2.744040273113338,4,D:G89A
1PPF__1623,1.4575586,2.5738045268610086,4,I:G32E
1Z7X__2142,0.8482471,1.1210590254010038,4,W:R457A
1IAR__1123,-0.022359332,0.1793245189748514,4,A:Q8A
3SGB__3547,-0.1413744,0.300491118430788,4,I:N30F
1SGQ__1980,-5.0034957,-2.3844337467139787,4,I:G13L
1R0R__1796,2.7119977,3.1969401011856697,4,I:E14G
1PPF__1763,2.8123996,2.939045276951356,4,I:Y20M
3SGB__3560,0.5260738,0.131730095202172,4,I:N30W
3BK3__2565,0.0,0.6536935456341986,4,C:L2A
2G2U__2315,0.66979384,0.1435908417165762,4,B:R160A
1CSE__719,4.411843,2.9235798651982963,4,I:L38D
1A22__163,0.19934364,0.6149132578487829,4,A:Y42A
1KTZ__1327,1.9681901,1.771155416863741,4,B:D8A
2FTL__2284,7.6923733,8.084575112084428,4,I:K15M
1CSE__723,6.7654457,4.815932860837005,4,I:L38P
1EMV__896,5.9181285,1.489551446800866,4,A:D49A
1JTG__1265,1.3393713,1.920922412958544,4,A:R217A
4CPA__3701,2.325533,1.463452130053052,4,I:V37A
1A22__151,1.7616124,1.2147850847763686,4,B:T60A
3BTW__2854,-8.664119,-5.251644369410597,4,I:W13K
2O3B__2465,5.474915,2.7532459946811123,4,B:E24A
3D5R__2901,-1.5695295,-0.233912813782789,4,C:A38N
1R0R__1915,-0.09604763,0.5461214859927631,5,I:R16K
2B0Z__2200,-2.5289986,0.0390285363395067,5,B:I87F
1JTG__1238,4.23539,1.14997663171649,5,A:E79K
1FC2__957,5.2767673,2.046196028806797,5,C:I27A
1R0R__1839,-0.5612779,-0.5904847805744979,5,I:K8M
1PPF__1665,-0.73288304,3.0187343486677767,5,I:L18I
1R0R__1866,1.5239338,1.7774305761275584,5,I:L13W
1A22__141,-0.18216991,0.1992781333394729,5,B:S61A
1PPF__1582,-0.67370695,-0.0749452498783149,5,I:A15C
1R0R__1917,0.44681063,0.112079183669347,5,I:R16M
3SGB__3515,0.0,0.3565597040697192,5,I:K7P
1A4Y__168,0.88373387,0.3291196977471318,5,A:E401A
2FTL__2291,8.664119,7.119040449122855,5,I:K15W
1GC1__1057,0.44268864,0.4023818517146482,5,C:Q64A
1AK4__226,2.0470784,2.14207312767243,5,D:P93A
1PPF__1705,-2.9233665,-1.4547206030230748,5,I:P14L
1Z7X__2147,1.66956,1.8884360623742649,5,W:W375A
1PPF__1605,2.1206496,1.8772047398832084,5,I:E19G
1XD3__2079,1.402407,0.4944615551950478,5,B:K11R
1R0R__1836,-0.5933102,-0.2493830357862376,5,I:K8H
3SGB__3504,-2.5721407,-0.6731436321302405,5,I:K7A
3SGB__3544,0.34970456,0.2752060472842791,5,I:N30C
2PCB__2475,0.73367727,-1.2476008515090984,5,A:A193F
1PPF__1630,1.6139456,2.295204066565979,5,I:G32N
2G2U__2305,-1.9794375,0.29683289663235,5,B:E73A
3SGB__3614,1.972751,3.0994650712230865,5,I:T11R
1A4Y__165,3.4855437,1.064543316539848,5,A:D435A
2PCB__2479,0.60575306,1.098675697243772,5,A:E32Q
2FTL__2276,10.159198,9.02222756516525,5,I:K15A
1A22__97,3.305722,0.3935055291997042,5,B:P65A
1JCK__1142,0.6766379,2.11015493465776,5,B:K103A
1R0R__1858,-0.51625997,0.554347650002509,5,I:L13M
1TM1__1998,3.2358015,1.3469448891244278,5,I:R48C
1A22__103,0.588454,0.6014094814672777,5,A:Q68A
2J0T__2351,1.8245233,1.1373897099554988,5,D:V4K
1PPF__1595,-0.26417795,1.1951059392998442,5,I:A15R
1R0R__1955,3.1389987,3.06115222757987,5,I:Y15M
1A4Y__191,1.0353621,1.3046700627724173,5,A:W375A
3SGB__3616,2.547891,2.2945090100971988,5,I:T11V
1R0R__1940,3.3453536,2.237236550087911,5,I:T12R
1PPF__1716,-0.08117884,0.0710401846962748,5,I:R21C
3SGB__3478,0.18353121,1.0036885470109664,5,I:E13Q
1R0R__1861,0.5696492,1.4901264537478454,5,I:L13Q
1EAW__868,0.65444046,-0.0788545504960034,5,A:D91A
1AK4__220,3.0098746,2.193569388259397,5,D:H87R
1A22__67,1.6078645,1.164737712538265,5,B:I62A
1PPF__1738,1.7099932,1.639475904959547,5,I:T17F
2BTF__2249,1.5957407,1.2219125269939122,5,P:F59A
3SGB__3541,1.6760064,2.200943317642326,5,I:L12Y
2G2U__2325,-2.0757222,0.4356002989760127,5,B:Y50A
2G2U__2311,1.1189506,1.3920184148591124,5,B:H148A
1PPF__1638,1.2032892,2.148045189023012,5,I:G32Y
1PPF__1681,1.8462117,0.4317252037439157,5,I:N36F
2G2U__2321,0.9587346,1.5255274866482795,5,B:W112A
1A4Y__187,0.042336006,0.5621236837083109,5,A:S289A
1Z7X__2149,0.120622605,1.9667179476595,5,W:Y434F
3SGB__3582,0.55270535,0.3755477033158794,5,I:R15C
1BRS__412,3.010488,2.553260851377613,5,A:E71S
1PPF__1759,2.3787324,3.28483033545863,5,I:Y20H
3SGB__3554,0.579437,1.0558563468360358,5,I:N30P
4CPA__3704,0.19934364,1.4328379659840702,5,I:V37I
1AK4__221,1.6043897,2.04606644329082,5,D:I91A
1JTG__1263,0.42960185,1.0361189543948266,5,A:Q74A
1UUZ__2015,3.3792171,1.5572936048653785,5,A:H62D
1B3S__318,-5.6819034,-1.1511163397959856,5,A:A102H
1R0R__1941,0.8897487,1.4840083376204634,5,I:T12S
3BK3__2568,1.7430197,1.1379492699286051,5,C:T6P
1X1X__2071,-0.8235527,-1.7910147788980446,5,D:A76E
1PPF__1729,0.41961956,0.6032145395897255,5,I:R21S
1JTG__1283,0.38202998,1.3458653350043497,5,B:Y143A
1FC2__962,0.60570234,0.8208334908489999,5,C:N24A
3SGB__3457,-0.08912445,0.5332526889912733,5,I:A9N
3SGB__3464,-1.5536677,0.1715557664854462,5,I:A9W
1LFD__1377,-1.1683279,0.7195633479734053,5,A:N41K
1E96__22,1.1045262,1.155153507096185,5,A:N26H
2AJF__2157,2.012603,0.8923701899247292,5,E:N151K
1PPF__1586,1.1382291,1.2621338197727705,5,I:A15G
3SGB__3516,-0.62338936,-0.6851984250753936,5,I:K7Q
1R0R__1931,3.1389987,2.8403173913932345,5,I:T12G
2SIC__2491,0.21785927,0.6978046719965364,5,I:M67A
1PPF__1583,1.1382291,0.6691255604111862,5,I:A15D
1PPF__1715,0.20805256,0.6482323708913544,5,I:R21A
2J0T__2341,2.106373,1.7180789931299916,5,D:S68A
3SGB__3522,-0.5848572,-0.5435786090877471,5,I:K7Y
3SGB__3488,1.972751,2.453155413990611,5,I:G26E
1PPF__1676,6.6357884,4.891066959140684,5,I:L18Y
1A22__62,0.8063133,1.1265617185965806,5,A:I168A
3BK3__2566,0.026335536,0.6420173070795837,5,C:L2R
1PPF__1770,4.1859007,3.359225372929895,5,I:Y20V
1R0R__1913,0.52568454,0.3538374805944499,5,I:R16H
2GOX__2329,1.5695295,1.2502159794197945,5,B:N38A
1PPF__1746,3.0741644,2.895568525981871,5,I:T17P
1CSE__721,2.2805772,3.553358957407885,5,I:L38G
1A22__120,2.1162474,1.5599339813036184,5,B:R11A
3SGB__3595,0.27762654,0.6318880660499073,5,I:R15S
1FCC__975,3.4775555,1.8122809904694224,5,C:K31A
2PCC__2485,0.90187097,0.9732109962778052,5,B:K92A
1PPF__1720,0.57792485,1.3565359051850827,5,I:R21G
1BRS__415,1.3641711,2.2925294519757697,5,D:E74A
1A4Y__184,2.309282,1.401977293455032,5,B:R5A
2WPT__2531,-0.61164296,-0.40225758146778,5,B:S70A
3SGB__3525,5.6686587,4.938457913541531,5,I:L12D
1PPF__1686,2.6471634,0.3000651953095418,5,I:N36L
1EAW__883,-0.51891166,0.105295380005097,5,A:Q23A
1PPF__1679,-3.077952,0.5219216957566206,5,I:N36D
1PPF__1673,0.9154713,2.7367675673805527,5,I:L18T
1Z7X__2144,1.3359538,1.7985157252298132,5,W:W261A
3SGB__3627,3.4329698,2.68662811428536,5,I:Y14K
2WPT__2524,-1.110931,0.4117058273096408,5,A:R35A
1EMV__920,1.6664472,1.85499516921376,5,B:R54A
3SGB__3520,-0.9551719,-1.083175328417306,5,I:K7V
1BRS__413,1.6572549,2.1127073130179834,5,A:E71W
3SGB__3512,-1.8173597,-1.260000380080457,5,I:K7L
2B10__2201,-1.1648275,-0.7172033088623845,6,B:S87F
1CSE__724,1.1887755,2.7946644694780027,6,I:L38S
1R0R__1847,-1.1054369,-0.078382682452037,6,I:K8W
2NU4__2413,-3.182076,-1.8696587180492903,6,I:K13L
4CPA__3703,3.7347221,1.410359241696735,6,I:V37G
2B42__2209,1.0761156,1.982381338623288,6,A:H357Q
1R0R__1899,-0.9173605,-0.0552533160763798,6,I:P9N
2SGQ__2490,-2.603541,-2.794804670812115,6,I:Q13L
1BRS__430,1.6426257,1.0709685176552413,6,D:W38F
1H9D__1100,1.3641711,0.7886476428916142,6,B:Q66A
1EMV__924,2.1882205,0.6332684679448978,6,A:S48A
3SGB__3468,0.55270535,1.274238058938291,6,I:E13D
1MAH__1402,2.772983,2.5514761645901287,6,A:Y121Q
1R0R__1784,3.3453536,1.5584841689444593,6,I:A10P
1ACB__200,4.2901506,3.824199737812209,6,I:L38I
2FTL__2285,8.033105,9.7911054781392,6,I:K15N
1F47__948,0.92543113,1.9060867080507464,6,A:L6A
1EMV__916,2.335586,1.8141043316374923,6,B:N75A
1BRS__424,5.245372,2.782696860631499,6,A:R57A
1R0R__1791,-0.83848655,-0.1459575377029741,6,I:A10Y
1PPF__1753,3.2103827,2.9022701242825284,6,I:Y20A
1A22__66,2.130757,0.919029092191474,6,B:I120A
3SGB__3634,2.0356457,3.291449557699587,6,I:Y14S
2FTL__2271,4.3927784,2.763132090802007,6,I:G12A
2O3B__2466,0.59932494,4.306043692928492,6,B:E24D
1PPF__1726,0.32947758,0.0330164013528828,6,I:R21N
1S1Q__1969,1.2319692,0.7748360406544501,6,A:N43A
3SGB__3485,1.2227967,2.20020769819592,6,I:G26A
1JTG__1281,2.3408265,1.6409995255390426,6,B:W162A
1R0R__1945,5.474549,3.379536172869124,6,I:Y15A
2SIC__2494,0.14522329,1.2949668980353213,6,I:M67G
2J0T__2352,0.9824205,0.9240220389357992,6,D:V4S
1PPF__1661,7.0562377,6.028362440420516,6,I:L18E
1R0R__1850,-1.3463069,0.6980696886269242,6,I:L13C
1LFD__1375,0.4029721,-0.1478939947191336,6,A:N14K
1PPF__1587,0.5528879,-0.0526363614223167,6,I:A15H
1TM1__1991,1.0276679,0.4555937931025925,6,I:M40F
1BRS__420,7.666353,3.349185031745097,6,A:H100L
1A22__111,2.4257026,0.4691820618956704,6,A:R167A
2PCC__2481,1.9018551,1.256223483921581,6,B:A86G
1XD3__2081,0.26598144,0.5988905823158758,6,B:K27R
2NU1__2411,-1.7138757,-1.773862790270006,6,I:H13L
1PPF__1636,2.553068,2.3384907418071075,6,I:G32V
1F47__944,2.4454827,1.7533646201029205,6,A:F11A
1TO1__2010,-2.9815822,-1.646066261948407,6,I:A42Y
1PPF__1604,1.3641711,0.9934542446248024,6,I:E19F
1BRS__417,6.1457953,4.69713233117567,6,A:H100A
3SGB__3591,0.12754992,0.0673790487059295,6,I:R15M
3SGB__3503,3.0961108,2.570883946544034,6,I:G26Y
1PPF__1691,-1.3463784,-0.1989119363638462,6,I:N36S
1R0R__1792,2.0894363,1.8042061922531607,6,I:E14A
1GC1__1054,0.032032233,0.2577419909266996,6,C:Q25A
1A22__23,1.0103728,-0.1082073625651414,6,A:C171A
3SGB__3587,0.4537338,0.3069041326810951,6,I:R15H
1R0R__1911,0.44681063,-0.1325262503981255,6,I:R16F
1A22__122,1.0003997,0.9203728481983872,6,B:R11M
1AK4__218,2.3741524,2.223435873988153,6,D:H87A
1A22__30,0.9939248,0.9641028455561776,6,B:D85A
1R0R__1860,7.687727,4.346656713174903,6,I:L13P
1EMV__904,3.880681,2.475531561680792,6,B:F86A
3SGB__3545,0.9109825,0.3640146417267642,6,I:N30D
1R0R__1892,1.3820354,-0.0079530643162722,6,I:P9F
3SGB__3479,1.2750467,1.211541769111221,6,I:E13R
3BK3__2561,1.261516,1.1457347491284129,6,C:I28A
1R0R__1786,5.530482,1.7213281130446527,6,I:A10R
3SGB__3572,-0.5005508,-0.405305042002112,6,I:P8M
1SMF__1984,3.511419,1.1999087764136462,6,I:I5A
1M9E__1395,-2.3741524,0.4434567768971697,6,D:A76H
1GC1__1068,-0.08859037,0.1593004722472732,6,C:S60A
1PPF__1617,1.1590191,1.3889357662060966,6,I:E19V
3SGB__3505,-0.5848572,-1.0879170871444137,6,I:K7C
1R0R__1855,0.5696492,1.5065743991288452,6,I:L13H
1XD3__2089,2.3777323,0.8961657111158555,6,B:R74L
3SGB__3506,-0.62338936,-0.70317247724191,6,I:K7D
2J1K__2358,0.76484615,1.65646473411103,6,C:R24A
1R0R__1779,-1.7995166,-0.3177951635014116,6,I:A10I
1PPF__1721,-0.49266446,0.1397748499215627,6,I:R21H
1PPF__1695,1.6768404,0.8628392348246164,6,I:N36Y
1R0R__1904,1.3310183,0.3439390273989202,6,I:P9V
1R0R__1795,3.6180909,1.2508790371708751,6,I:E14F
1S0W__1965,-2.102992,-1.148418736056688,6,C:A142F
3SGB__3631,6.27634,4.7067249931574295,6,I:Y14P
1KTZ__1343,1.4815814,1.91736956179869,6,A:R13A
1GC1__1035,0.5362386,0.6708088654373945,6,C:K29A
1JTG__1269,1.2390827,0.6261373007852515,6,A:S209A
1A22__50,0.9706884,0.4684119311857227,6,B:E86A
1ACB__197,6.866746,6.6401707383059145,6,I:L38D
1H9D__1102,1.402407,0.9894069359883776,6,B:V3A
1A22__139,-0.054726757,0.0333983882186516,6,B:S57A
1R0R__1785,1.8109818,1.040017403488262,6,I:A10Q
1EFN__893,1.2435485,0.9937612090197562,6,A:T13H
1A4Y__171,-0.2966853,1.5870708142818637,6,B:H13A
3SGB__3585,0.2279567,0.129189624732993,6,I:R15F
1Z7X__2143,0.8143835,1.0263167353586573,6,W:S289A
3SGB__3625,1.7138757,2.325849538169999,6,I:Y14H
1JTG__1267,2.2222042,1.2457758656265372,6,B:R160A
1A22__138,0.033863615,0.4120567116293039,6,B:S174A
1R0R__1833,-0.11043989,-0.3302091025008949,6,I:K8E
2G2U__2323,0.53121006,0.1105434573410586,6,B:W162A
1IAR__1129,1.2246095,1.2472864217437865,6,A:R85E
1PPF__1708,-0.8112832,-1.0182379027165795,6,I:P14Q
1JTG__1280,4.253562,1.4975318624996763,6,B:W150A
1AK4__217,4.395153,2.818040399835089,6,D:G89V
1R0R__1778,1.7748275,0.3102731247891721,6,I:A10H
1A22__143,1.9070294,0.4115776391961138,6,A:T164A
3SGB__3568,0.27762654,-0.5389558065457093,6,I:P8H
1IAR__1131,2.8289993,1.7971557753014324,6,A:R88Q
1PPF__1633,4.848992,2.295039478921006,6,I:G32R
3SGB__3612,3.182076,3.4809225666378305,6,I:T11P
2SGP__2489,-8.445845,-2.155145776332395,6,I:P13L
3SGB__3581,0.05375249,0.6735029767108969,6,I:R15A
2PCC__2484,0.30366912,1.6147834956642526,6,B:K77A
1IAR__1122,0.2450748,0.4369548029716044,6,A:Q78E
1PPF__1669,6.1471486,4.659952758779605,7,I:L18P
3SGB__3566,-0.3449348,-0.6100856003266796,7,I:P8F
1PPF__1614,1.4697746,1.8331910223128185,7,I:E19R
1PPF__1741,1.4934759,2.078799483493093,7,I:T17I
1IAR__1125,0.83576363,1.4418354295476268,7,A:R53Q
1MAH__1396,1.7348719,2.5924810278740864,7,A:D71N
1BRS__411,1.4521028,2.451643214808084,7,A:E71Q
1PPF__1732,-0.53300625,-0.0724541099655056,7,I:R21W
3SGB__3482,0.12754992,0.9325729994471954,7,I:E13V
3SGB__3624,2.842396,4.024213429290078,7,I:Y14G
1PPF__1745,2.6987135,2.774717854749809,7,I:T17N
1BRS__433,-0.13220184,2.569216254219449,7,D:Y29F
3SGB__3449,0.6714747,0.60219012653833,7,I:A9E
1A4Y__194,0.5578579,0.8811829030416438,7,A:Y434F
1TM4__2006,-2.2329054,-0.0110582401394358,7,I:G40M
1R0R__1865,2.156578,1.975953896649971,7,I:L13V
3SGB__3586,1.1071681,0.9911479067162388,7,I:R15G
1EFN__892,1.4510267,2.030174748401438,7,A:I12A
2G2U__2304,0.65087503,-0.1094738681975184,7,B:E31A
2FTL__2274,5.021843,2.94781186335028,7,I:I18A
1R0R__1777,1.1117365,2.57683159959274,7,I:A10G
1JTG__1252,1.4172373,1.4913145272933532,7,A:K208A
2FTL__2286,9.370644,8.74056266838025,7,I:K15Q
1PPF__1758,4.1859007,4.358117176217921,7,I:Y20G
2G2U__2309,-0.41381055,-0.1804679059208177,7,B:G141A
3SGB__3590,0.2279567,-0.0482742347235293,7,I:R15L
3SGB__3471,0.5260738,0.9204783024428944,7,I:E13H
3SGB__3508,-0.725558,-1.1977446331597856,7,I:K7F
3SGB__3527,1.3740182,1.8044958746520747,7,I:L12F
1A22__154,-0.6170114,0.7401170604217698,7,B:V126A
2G2U__2313,-0.21733521,1.163875488798417,7,B:K74A
3SGB__3530,4.481256,2.274198422925976,7,I:L12I
1PPF__1625,1.5049802,2.25376149592401,7,I:G32H
1R0R__1844,-0.3073604,-0.4335257679150524,7,I:K8S
3SGB__3618,3.3669553,2.523151865605909,7,I:T11Y
1AK4__219,2.3371122,2.2063160580062275,7,D:H87Q
2G2U__2318,-0.950899,-0.6799234613162128,7,B:S35A
1R0R__1862,2.935408,2.3361076928042763,7,I:L13R
1R0R__1854,2.3528912,3.0178650472951176,7,I:L13G
3SGB__3573,-0.12480123,-0.2764496275336427,7,I:P8N
3SGB__3526,5.982758,3.583746702599808,7,I:L12E
1TM1__1999,2.572396,2.278186798834296,7,I:T39A
1GC1__1066,0.0,0.4383335434777993,7,C:S42A
3SGB__3540,1.865208,3.32929057153772,7,I:L12W
1JTG__1232,-0.07258199,0.9097950192581324,7,A:E143A
1PPF__1594,0.24977449,0.2616077300068555,7,I:A15Q
1LFD__1380,1.1360438,0.6083878031108461,7,A:R7A
1PPF__1624,1.4817438,1.959512887282549,7,I:G32F
3SGB__3552,0.7407817,0.0452003966231994,7,I:N30L
1EMV__901,2.0840137,1.830123688586085,7,A:E39A
1A22__82,1.224517,1.728811985263323,7,A:L45A
1P6A__1581,0.0,1.3151848877874983,7,A:Y87S
1IAR__1110,1.171374,0.8532172786744902,7,A:I5A
1JCK__1149,2.5961404,1.7398269157739117,7,B:Y90A
1R0R__1846,0.41065642,0.5291524610902871,7,I:K8V
1PPF__1609,1.0710874,0.7588674665353868,7,I:E19L
3SGB__3605,5.584234,3.453444350945406,7,I:T11G
1PPF__1610,1.1487153,0.7949795645672153,7,I:E19M
1A22__25,0.0,0.6055139011338126,7,B:C81A
1TM1__1990,1.0276679,1.0166215378830386,7,I:M40A
3BTG__2849,-12.352226,-6.683949573117292,7,I:G13K
1FFW__980,0.09132688,-1.074954035595681,7,A:A89V
1EMV__913,0.13947128,0.5745984913575057,7,A:N22A
1PPF__1747,1.9687275,2.3817557514735417,7,I:T17Q
1PPF__1702,-1.7655087,-0.8956017012356112,7,I:P14H
3BK3__2567,0.48639154,1.901777664840784,7,C:T4P
2G2U__2303,-0.45288712,0.2638554710739843,7,A:D79K
1PPF__1626,4.372321,2.579382593308921,7,I:G32I
1JTG__1286,2.0774672,2.682816660376943,7,B:Y53A
1SGN__1978,-3.399817,-2.9177826299145773,7,I:N13L
3SGB__3610,2.0356457,2.92702090459262,7,I:T11M
3SGB__3452,-0.4531886,0.6333665322456158,7,I:A9H
1R0R__1954,2.5751164,2.81816141680016,7,I:Y15L
3SGB__3556,0.579437,0.5992119822419885,7,I:N30R
2G2U__2324,-1.8472356,0.0777051453768151,7,B:Y143A
1PPF__1600,-0.185067,0.0667451202986646,7,I:A15Y
1PPF__1607,0.7233257,0.9034525079734244,7,I:E19I
1PPF__1756,6.419518,3.8496808456754303,7,I:Y20E
1PPF__1689,0.38292348,0.3481437611135879,7,I:N36Q
3SGB__3593,7.684476,2.7887480859141145,7,I:R15P
1Z7X__2137,1.3213246,0.8393581175516246,7,W:E287A
1TM1__1993,1.0935637,0.7440371073853488,7,I:M40K
1PPF__1697,-2.0050166,-0.9819577651574712,7,I:P14C
1R0R__1774,5.228435,1.2196710907372383,7,I:A10D
1R0R__1788,1.2681235,0.7499323783161934,7,I:A10T
1R0R__1787,1.7416747,0.6016458767043726,7,I:A10S
3SGB__3574,-0.31602898,-0.6000770348917986,7,I:P8Q
3BTF__2848,-7.0272107,-6.384766217294255,7,I:F13K
3SGB__3543,0.33107248,0.4007757450878038,7,I:N30A
3SGB__3580,-0.40146077,-0.2148412309916259,7,I:P8Y
1PPF__1707,-0.64084536,-0.8240164930673435,7,I:P14N
1ACB__201,6.9490676,6.194503411626836,7,I:L38P
1PPF__1596,0.75647855,0.4344816864160124,7,I:A15S
3SGB__3589,-0.277793,0.4873097905744488,7,I:R15K
3SGB__3476,1.1020385,1.268197571490901,7,I:E13N
1EMV__923,0.007269441,0.4784102730830069,7,A:S46A
3SGB__3626,3.5919626,2.4727744341013875,7,I:Y14I
3SGB__3466,1.0192363,1.3138553750818398,7,I:E13A
4CPA__3706,0.0,0.5719367475905172,7,I:Y36F
3BP8__2604,0.61549425,-0.8450672801169231,7,C:A51F
2WPT__2530,-0.8493079,-0.0181984936995181,7,B:S67A
1R0R__1802,2.1183422,1.9846597091115468,7,I:E14N
1A22__45,-0.09423819,0.1620004512893192,7,B:E34A
1BRS__425,2.4881237,2.6738273627296656,7,A:R57K
3SGB__3501,2.7283423,2.6003624932773426,7,I:G26V
1EMV__935,1.6646124,2.290356153799906,7,A:V35A
2SIC__2499,0.0,0.756957780814947,7,I:M67R
2PCC__2482,-0.897048,1.934520314999571,7,A:D34A
4CPA__3702,0.0,1.691619397066733,7,I:V37F
1A4Y__181,0.25052238,1.244852993449375,7,B:R31A
1Z7X__2139,1.306325,1.243738481041757,7,W:E401A
3SGB__3558,0.009847074,0.7030284973239834,7,I:N30T
2FTL__2290,11.756444,10.480772490426624,7,I:K15V
1F47__945,2.5162454,1.1034473210856517,8,A:I8A
1FFW__992,0.42783016,0.7881949703214809,8,B:I58A
1A22__142,0.2740822,0.3137492555074463,8,B:S83A
1GC1__1048,0.18265375,0.2861233374678179,8,C:N32A
1BRS__421,4.550591,4.797272080239415,8,A:H100Q
3SGB__3480,1.9436082,1.0650725058327335,8,I:E13S
1PPF__1682,-0.5715383,0.8432553008146757,8,I:N36G
1FFW__981,0.20430143,0.534153479447299,8,B:C55A
1R0R__1803,3.764484,3.394286496205176,8,I:E14P
2PCC__2486,2.1026816,1.0966098506669697,8,A:V197A
3SGB__3511,-1.344638,-1.347494178540512,8,I:K7I
1A22__96,1.2093251,1.1146021883570425,8,A:P61A
1EMV__917,0.43746877,0.5443689528674122,8,A:P45A
1TM1__2001,3.75601,2.327856207669639,8,I:T39P
2BTF__2250,1.7209312,0.7980739758332162,8,P:G120F
1PPF__1616,1.5049802,1.3912390479905647,8,I:E19T
2BTF__2251,0.46005604,1.2117611465439035,8,P:K125A
1R0R__1893,-0.34582213,0.3474825971598062,8,I:P9G
1KTZ__1344,1.1516978,1.730232181634816,8,A:R13K
1EMV__922,0.9564332,-0.112330393823658,8,A:S27A
1BRS__414,2.4137335,1.8194338432238808,8,A:E71Y
2G2U__2314,-0.3423922,0.3584099329948861,8,B:R144A
3SGB__3456,0.08895801,-0.3112814154655859,8,I:A9M
3SGB__3518,-2.587597,-0.99374978840895,8,I:K7S
1R0R__1928,2.888105,1.3511643202964412,8,I:T12D
1R0R__1938,4.9499803,1.5810133977960992,8,I:T12P
2FTL__2292,6.85701,8.024522511996668,8,I:K15Y
1IAR__1126,0.47962397,1.184606818835423,8,A:R81A
1R0R__1800,0.5696492,1.0703164690180662,8,I:E14L
1JTG__1277,1.9107438,0.6574442400672087,8,A:V78A
1R0R__1930,-0.0660144,1.0658488012584413,8,I:T12F
1PPF__1735,2.0874968,1.767223128297243,8,I:T17C
1B2S__314,-3.8662953,-2.9240764051139085,8,A:A27K
2G2U__2306,-3.5360348,-0.5173688056249027,8,B:E73M
1S1Q__1967,0.19934364,1.1729207734312994,8,A:F42A
1EAW__891,-0.07894067,1.215025256350265,8,A:Y52A
1A4Y__176,3.2368004,2.513904363451134,8,B:K40G
2SIC__2493,0.7960983,0.64529576680605,8,I:M67E
1EMV__939,4.6368327,1.5437519618673567,8,A:Y53A
1PPF__1706,-1.5744526,-1.2988085156093023,8,I:P14M
1R0R__1838,-0.32802942,0.3081169035105093,8,I:K8L
1PPF__1634,0.9154713,1.4667145603494742,8,I:G32S
2B11__2202,-0.754171,0.343901651342114,8,B:W87F
1PPF__1666,5.736492,4.521998055947262,8,I:L18K
1PPF__1734,3.4848208,2.1630864137179984,8,I:T17A
1A22__102,0.10801677,0.0380137586068168,8,A:Q46A
1Z7X__2146,0.99347043,2.002126621410645,8,W:W318A
1KTZ__1340,2.2714972,1.971376738486675,8,B:L3A
2J0T__2349,0.0,1.4872707594181491,8,D:V4A
1R0R__1889,-0.9866675,-0.5782661030924628,8,I:P9C
1BRS__406,7.650989,3.596164363537667,8,D:D39A
1H9D__1101,1.1621885,1.3270456992102986,8,B:R2A
3SGB__3606,3.507656,2.45087348457137,8,I:T11H
1Z7X__2145,2.2124183,2.007215015691225,8,W:W263A
1R0R__1914,0.20706579,0.0529809320508217,8,I:R16I
2HRK__2334,0.9535147,0.5897808612451255,8,A:K140A
1SGP__1979,-2.9891605,-4.183009074489037,8,I:A13L
3SGB__3577,-0.10867909,0.1326113202381419,8,I:P8T
1R0R__1805,2.0953314,2.571639059077893,8,I:E14R
2G2U__2310,-0.4265978,0.1653027420138219,8,B:G48A
3SGB__3467,1.1746745,0.6389738763444408,8,I:E13C
1XD3__2080,-0.062421046,0.7265563312767981,8,B:K27A
1PPF__1713,-2.0050166,-1.1813955604078743,8,I:P14W
2WPT__2525,-1.038295,0.0890737447198637,8,A:R35T
1PPF__1760,3.9316313,2.9028564862564337,8,I:Y20I
1PPF__1632,2.7997265,2.4076904935813097,8,I:G32Q
3SGB__3607,1.7529136,2.325307074909764,8,I:T11I
3SGB__3474,0.77931386,0.1346051749828337,8,I:E13L
1EMV__934,2.5794504,0.8504798810111155,8,A:V32A
1AK4__212,4.019018,2.035878250921102,8,D:A88G
1BRS__409,2.5287616,2.3891381437522106,8,A:E71C
1CSO__725,-4.481256,-0.8628128905827465,8,I:I13L
1XD3__2078,0.26598144,1.1951376189117158,8,B:I44A
1PPF__1714,-0.9626155,-0.7611792602320144,8,I:P14Y
1F47__943,2.0648613,0.9030071008279532,8,A:D7S
1Z7X__2151,2.1660576,1.2637481767308492,8,W:Y437F
1FFW__987,0.7167709,0.8651565334112445,8,B:E13A
1PPF__1698,-0.49266446,-1.6231252122766646,8,I:P14D
3BTD__2846,-11.502718,-6.873937727153745,8,I:D13K
1Y33__2111,-3.75601,0.6328957727071325,8,I:P39T
3SGB__3564,-1.0330986,-0.5730261332760956,8,I:P8D
3SGB__3594,0.04153655,0.4571938008688284,8,I:R15Q
1EMV__905,1.4860435,1.5578126875388525,8,A:G47A
1BRS__408,2.347719,2.955508226276428,8,A:E71A
3SGB__3451,2.4864664,0.8327629054657902,8,I:A9G
1EMV__909,1.9605148,1.51386586382212,8,B:K97A
1R0R__1807,4.252276,1.737417893044767,8,I:E14T
2WPT__2533,-0.09360993,0.1394350732249736,8,B:S77A
1KTZ__1328,2.446918,1.7712915705570202,8,B:D8N
1FCC__977,0.24021861,1.2268945202205568,8,C:T25A
1R0R__1949,0.6170114,1.8975279521429305,8,I:Y15F
2O3B__2464,5.903258,3.837591107961298,8,B:D75N
1PPF__1668,5.225429,4.788005524366129,8,I:L18N
3BTM__2851,-7.6923733,-5.407853398749825,8,I:M13K
1SMF__1983,1.0128093,1.6913784855735938,8,I:E8A
1IAR__1137,1.3927286,0.3516344142153073,8,A:T6D
3SGB__3637,0.38874248,0.9854834613181422,8,I:Y14W
1PPF__1724,-0.85858625,0.1706987628331933,8,I:R21L
3SGB__3481,2.143485,0.6609691762441459,8,I:E13T
1PPF__1764,3.6438136,4.5737340396005965,8,I:Y20N
1A4Y__170,0.65682936,0.7628787891427161,8,B:H114A
1PPF__1603,0.57792485,1.4201468891586415,8,I:E19D
3SGB__3462,0.33107248,0.1318517764267378,8,I:A9T
1PPF__1597,0.9628335,0.4421770859828385,8,I:A15T
1R0R__1950,6.4020834,4.671923266413417,8,I:Y15G
1FC2__958,1.5266206,1.0176236416825533,8,C:K31A
1SBB__1974,0.079110935,0.6709560061831336,8,B:Y91V
2NU0__2410,-1.865208,-2.5914085261096744,8,I:W13L
2WPT__2510,-0.13220184,1.3300072562855778,8,A:D30A
1IAR__1134,0.97857684,0.9406938385328836,8,A:T13A
1A22__107,0.0,-0.0932839718103327,8,B:Q33A
1AK4__215,1.7232774,1.1711925027661358,8,D:A92V
1A22__100,-0.21983741,0.0775365856983256,9,A:Q22A
1A4Y__167,0.1786097,0.8272685985858631,9,A:E344A
1P69__1580,0.0,0.7839612808208745,9,A:S15P
1PPF__1723,0.6045564,-0.0114071276618097,9,I:R21K
1R0R__1943,2.935408,1.1232739597235688,9,I:T12W
1PPF__1622,2.4970868,2.120859844327376,9,I:G32D
1PPF__1761,4.494069,3.730491475189429,9,I:Y20K
1BRS__431,0.056466706,1.5500582125105862,9,D:W44F
1R0R__1902,0.13621847,-0.0855999061649211,9,I:P9S
2GOX__2330,2.24674,1.9473538087566145,9,B:R31A
1PPF__1771,0.23538224,2.721530189531721,9,I:Y20W
2J0T__2340,1.6426257,1.6401545137453577,9,D:M66A
1XD3__2085,2.6767921,1.3606743514478403,9,B:L8A
1R0R__1907,-0.09604763,0.461288653902824,9,I:R16A
3SGB__3454,2.491424,3.610559196117147e-05,9,I:A9K
1TM1__1997,2.9234388,2.4752979484287674,9,I:R48A
1R0R__1920,0.18240695,0.2231813879474095,9,I:R16Q
3SGB__3470,2.1049528,1.9665611855348253,9,I:E13G
3BK3__2562,1.1755025,1.803604710326959,9,C:I28R
1GC1__1062,1.1759138,0.8977790325368011,9,C:R59A
1PPF__1611,1.2126933,1.2503961463729434,9,I:E19N
1R0R__1856,3.2540267,1.4129081148218494,9,I:L13I
1LFD__1368,1.3263422,1.1373936113628875,9,A:K19A
1PPF__1757,0.4820406,2.233208412231962,9,I:Y20F
2WPT__2528,1.1343427,0.9259304924934608,9,B:R47A
1JTG__1273,0.35808927,0.7064021978551017,9,B:S71A
1JTG__1247,-1.6319506,1.334957628262215,9,A:G212S
1R0R__1934,1.9338204,1.6771559822914517,9,I:T12K
1R0R__1919,7.390505,4.162342098956765,9,I:R16P
1IAR__1135,-0.21867253,1.7228809349381131,9,A:T13D
1R0R__1958,4.5031695,3.879974448092496,9,I:Y15Q
1A4Y__190,1.5007453,0.733598839024788,9,A:W318A
1PPF__1613,0.6604309,1.1718467018874923,9,I:E19Q
3SGB__3622,2.0356457,3.775789742902135,9,I:Y14E
3SGB__3613,2.9403167,2.6413102277251195,9,I:T11Q
1FFW__984,0.096284665,1.3069390986486589,9,B:D49A
1PPF__1754,3.451668,2.9472578831000367,9,I:Y20C
3SGB__3584,0.6714747,0.7004985127663194,9,I:R15E
3SGB__3629,2.0027843,1.7154337638529191,9,I:Y14M
1IAR__1136,-0.10364441,0.9660813609329312,9,A:T6A
1EMV__915,1.1651908,1.4124148833800645,9,B:N72A
2FTL__2289,10.597484,9.836854799050307,9,I:K15T
1PPF__1719,-0.9812476,-0.2721616700056328,9,I:R21F
1R0R__1841,1.3478266,1.3243115826382783,9,I:K8P
2WPT__2518,-0.37987277,0.5660982713709303,9,A:N31A
3SGB__3583,0.6386131,0.2588575294437269,9,I:R15D
1R0R__1933,0.25873423,0.7197071160130282,9,I:T12I
1R0R__1888,-0.6389059,0.3703553301862396,9,I:P9A
2HLE__2333,2.287297,1.34980157532559,9,A:L87R
2J0T__2350,1.6426257,0.4291185527875317,9,D:V4I
3D5S__2902,-2.24674,0.1329956974981569,9,C:A31R
1R0R__1936,1.3310183,0.8956831723572222,9,I:T12M
3SGB__3596,0.4537338,0.7875811437109885,9,I:R15T
1JTG__1250,2.7478888,1.574145439031433,9,B:H148A
1PPF__1628,3.1298978,3.0489465013124115,9,I:G32L
1EMV__933,0.15850577,1.8685809660831303,9,B:T87A
2O3B__2468,3.2329645,2.3595605425671087,9,B:Q74A
3SGB__3498,3.507656,3.272799076052129,9,I:G26R
1BRS__405,4.5031695,4.047454553620669,9,D:D35A
1R0R__1921,-0.01634454,0.8843490499362588,9,I:R16S
2WPT__2529,2.4257026,0.5795168191166784,9,A:S47A
1JCK__1147,2.2329054,1.1322756820998785,9,B:V91A
1IAR__1124,0.038921285,0.9286226975589866,9,A:Q8R
3BK3__2560,2.1215649,1.2272659248888107,9,C:I22R
2J1K__2356,0.1837519,1.0361799270189636,9,C:G10D
3SGB__3565,-0.62338936,-0.1541389063034382,9,I:P8E
1R0R__1835,-0.83848655,0.2144871365058381,9,I:K8G
1KTZ__1345,2.8844044,1.7404979805461258,9,A:R64A
1PPF__1700,-1.8568356,-1.2486533041954015,9,I:P14F
3SGB__3549,-0.12480123,0.0115215625003003,9,I:N30H
1B3S__319,0.59609383,0.4843517695525866,9,D:F30Y
1BRS__426,5.4200263,2.813491107081123,9,A:R81Q
1BRS__423,3.0663626,1.878652499131857,9,A:N56A
1IAR__1120,1.558794,1.1259854424677094,9,A:N89A
1PPF__1667,1.2575976,2.8109345678772644,9,I:L18M
1JTG__1279,3.0105112,1.758738180631806,9,B:W112A
1A22__68,1.9415509,0.699935249752692,9,B:I64A
1PPF__1744,2.5024002,2.0249295806972687,9,I:T17M
1PPF__1751,2.195336,2.081956548061374,9,I:T17W
3SGB__3463,-0.7847341,0.0836590271252261,9,I:A9V
3SGB__3484,0.77931386,0.9104865663204144,9,I:E13Y
1PPF__1709,-0.13764554,-0.3499194991597006,9,I:P14R
1BRS__429,1.4080765,2.5107264238772826,9,A:W33F
1R0R__1773,-0.48346767,0.431404501334511,9,I:A10C
1A4Y__193,3.262015,1.5352454256342671,9,A:Y434A
1PPF__1599,-0.64084536,0.0301941416721687,9,I:A15W
1B2U__317,-4.1682487,-0.8267641099682562,9,D:A36D
1JTG__1255,3.559509,1.5379169318942791,9,B:K74A
1GC1__1038,1.431019,0.3090405344461885,9,C:K46A
3SGB__3632,3.2810476,2.6438352554184585,9,I:Y14Q
1PPF__1601,1.2032892,1.690373443094655,9,I:E19A
1EMV__898,1.4166348,2.0380081372521586,9,A:E28A
2G2U__2308,2.7639508,0.6888583972903812,9,B:F36A
1R0R__1906,0.85746706,-0.1257959641412205,9,I:P9Y
1CSE__720,2.3827457,3.787385521887511,9,I:L38E
3SGB__3490,2.7381892,2.362397476194396,9,I:G26H
1R0R__1952,2.8645606,3.3691847061479434,9,I:Y15I
1JTG__1276,-0.40694198,0.8877918451970157,9,A:V190A
2WPT__2521,1.2376387,1.3022066428557808,9,B:N68A
1R0R__1962,3.5100741,4.795043145595475,9,I:Y15V
2J0T__2344,2.9783537,1.3087764508673894,9,D:S68Y
2J0T__2347,5.046028,3.3301860068395293,9,D:T2R
1CT2__727,-3.2047203,-2.365313851080637,9,I:T13L
3SGB__3567,0.05375249,0.5079782003837015,9,I:P8G
1EMV__938,4.8368015,2.404713598390344,9,A:Y52A
1EMV__918,1.2428403,1.469187024749758,9,A:P54A
1SGE__1977,-5.982758,-2.1956555159232845,9,I:E13L
3SGB__3493,2.6581476,3.051527496673058,9,I:G26L
1PPF__1694,1.7278575,1.24138090839299,9,I:N36W
1R0R__1898,-0.033152815,-0.583421692747732,9,I:P9M
3SGB__3571,-0.1413744,-0.2523722536451045,9,I:P8L
3SGB__3576,0.06572162,-0.1694566914998702,9,I:P8S
1JTG__1245,3.3792171,1.4167711077667595,9,B:F142A
1R0R__1864,0.15976271,1.780710474813863,10,I:L13T
1A22__93,0.41065642,1.3043699434414917,10,A:P48A
3SGB__3570,0.114053845,-0.0586178566630936,10,I:P8K
1Z7X__2148,5.955931,1.9376953392776888,10,W:Y434A
1R0R__1916,0.2321027,0.1016378156710175,10,I:R16L
2WPT__2519,-0.897048,-0.2109124248063326,10,A:N31V
1R0R__1783,2.0953314,1.844325033622968,10,I:A10N
1PPF__1730,-0.018343631,0.1708514919982925,10,I:R21T
1A4Y__192,0.24021861,1.2187089701343672,10,B:W89A
2G2U__2316,-0.6123115,-0.4208088353559067,10,B:S113A
2G2U__2320,-0.5122073,-0.5361804921829779,10,B:S71A
1LFD__1373,-0.9208399,0.3009302823289027,10,A:M17K
1PPF__1688,-2.9595976,2.071144899364809,10,I:N36P
3SGB__3636,4.42169,2.6974988484895515,10,I:Y14V
3BK3__2563,1.038654,0.7944543063050278,10,C:I3A
1GC1__1037,0.32206604,0.8481103813355678,10,C:K35A
1FCC__973,0.3854419,1.0173279046559482,10,C:E42A
2SIC__2492,0.7515321,0.8003079015342174,10,I:M67D
3SGB__3536,3.3669553,3.6939387216359134,10,I:L12R
1A22__71,2.0150461,0.1300396435188265,10,A:K161A
2BTF__2252,0.9787292,0.0369148496316294,10,P:V60E
3BTE__2847,-9.424007,-6.944161416530821,10,I:E13K
3SGB__3588,0.24351919,0.1666274901481055,10,I:R15I
1PPF__1743,2.2796423,1.9877266516654784,10,I:T17L
3SGB__3635,4.871827,3.01889336294276,10,I:Y14T
1A4Y__178,0.117809586,0.4007439382836582,10,B:N68A
1EAW__885,0.58761454,0.4899600452160856,10,A:R48A
2WPT__2516,1.1701808,1.8347882053875204,10,B:F79A
1GC1__1027,1.3232962,0.7326324256430952,10,C:E85A
3SGB__3475,-0.18949658,0.8562694835466595,10,I:E13M
1R0R__1957,6.654434,6.774445837263042,10,I:Y15P
2OOB__2472,0.23536395,1.4780495656354642,10,A:G13S
1ACB__198,6.646428,4.86907513657559,10,I:L38E
3SGB__3495,2.2751536,2.2736836113564616,10,I:G26N
1PPF__1748,3.451668,2.9581466238362983,10,I:T17R
1R0R__1897,1.1842538,-0.2097929890891376,10,I:P9L
1IAR__1127,1.4617344,1.15396871297205,10,A:R81E
1F47__940,0.69150615,1.4597917159941354,10,A:D4A
1PPF__1598,0.20805256,0.6319782624742664,10,I:A15V
1R0R__1905,0.48534274,-0.1101909009203664,10,I:P9W
2WPT__2535,3.8093,0.7078470456041308,10,A:V34A
2J0T__2348,1.5944324,3.419327220533576,10,D:T2S
1AK4__214,1.9452653,2.573450074850359,10,D:A92G
1R0R__1794,0.25873423,3.013748452112756,10,I:E14D
1PPF__1762,1.3749107,3.034688809425196,10,I:Y20L
1TM7__2008,-0.056466706,0.1005572322431359,10,I:Y40M
3SGB__3450,-1.1806399,-0.057836559822247,10,I:A9F
1PPF__1663,3.3328986,4.098685080557175,10,I:L18G
2J0T__2353,0.790924,0.5392369252723616,10,D:V69I
1A22__28,1.4865336,1.1319975349145597,10,B:D119A
3SGB__3550,0.19792347,0.3051973602119019,10,I:N30I
1PPF__1690,1.869756,1.25948168714816,10,I:N36R
1R0R__1895,1.7416747,0.0826130199611581,10,I:P9I
1KTZ__1329,1.2613157,1.7348346744552308,10,B:D94A
1FCC__976,2.3651073,1.1950762034971534,10,C:N35A
1A22__127,0.5358469,1.0832883701863203,10,B:R30A
1R0R__1832,-0.5933102,-0.0711474604638309,10,I:K8D
1JCK__1140,2.1339338,1.6451463805460702,10,B:F176A
1R0R__1853,0.6170114,0.94075237091709,10,I:L13F
1IAR__1139,1.3066063,1.360066898656863,10,A:W91D
1PPF__1658,1.0710874,2.354266955889646,10,I:L18A
2WPT__2513,1.7339525,0.954763344729202,10,A:E27A
1PPF__1631,0.2638254,3.658538791356016,10,I:G32P
1R0R__1963,-0.36416575,2.538804208183138,10,I:Y15W
2G2W__2328,0.45288712,0.2583743857212024,10,A:K79D
1R0R__1843,0.13621847,0.0477231588777059,10,I:K8R
2J0T__2343,2.836359,2.5181215119981646,10,D:S68R
1AK4__223,2.4498875,1.836303770716744,10,D:P85A
3SGB__3519,-1.9490284,-0.5091790617421054,10,I:K7T
2I26__2337,0.030388813,-0.2177260767245197,10,N:A29V
1XD3__2088,1.3017501,1.4598919508400676,10,B:R72L
1IAR__1138,0.72952867,1.419535323313265,10,A:W91A
3SGB__3496,1.0968642,3.4493562235714483,10,I:G26P
1R0R__1782,-1.739622,0.5688961984973067,10,I:A10M
2PCB__2477,0.8710086,0.8830053687211085,10,A:E290N
2PCC__2483,6.2025547,0.5030005528287927,10,A:E290A
2G2U__2326,-0.6287488,0.1201833170972232,10,B:Y51A
1ACB__199,6.1180687,5.078678843090925,10,I:L38G
1PPF__1637,1.6439788,1.961294431321225,10,I:G32W
2J0T__2342,2.185484,1.858936622529981,10,D:S68E
3BTT__2853,-10.597484,-8.519131184019134,10,I:T13K
3BK3__2558,0.42397052,1.1739613472126325,10,C:I19R
3SGB__3491,4.092513,2.740291228187401,10,I:G26I
2O3B__2463,5.437875,3.278344727228105,10,B:D75E
3SGB__3483,1.5477023,0.874275373995803,10,I:E13W
1HE8__1103,0.47535175,1.0514912732669988,10,A:K80V
3SGB__3592,0.33107248,0.4166964774180377,10,I:R15N
1AK4__224,3.5371819,2.887849795696636,10,D:P90A
1JTG__1282,-0.16837136,1.9123287174889896,10,A:Y80A
1PPF__1739,3.599849,3.2887738120950583,10,I:T17G
3SGB__3524,-0.013389315,1.7572823558500343,10,I:L12C
3SGB__3611,3.254416,3.135058336209744,10,I:T11N
1PPF__1710,-0.5715383,-0.8661873028760002,10,I:P14S
1TM3__2005,-1.0935637,-0.4683499789865703,10,I:K40M
1IAR__1108,-0.5806068,1.2084992064245603,10,A:F82D
1SBB__1973,-1.455498,0.2112409908175118,10,B:V26Y
2NU2__2412,-3.3669553,-1.8949768001190592,10,I:R13L
1KTZ__1351,0.24291772,1.2087272718998066,10,A:V62I
2FTL__2288,7.7239184,10.294700218590473,10,I:K15S
1FC2__970,0.41065642,1.423180693065946,10,C:Y10W
3SGB__3557,0.4089992,0.049242546658774,10,I:N30S
1SGD__1976,-5.6686587,-3.856824142901594,10,I:D13L
1UUZ__2013,0.65087503,1.0854923639755067,10,A:C64A
2WPT__2523,0.90013885,0.838713205832994,10,B:Q85A
1UUZ__2017,1.5196093,1.590098262995551,10,A:H62Q
3SGB__3502,3.912062,2.406428312733341,10,I:G26W
1PPF__1749,1.5049802,2.2647392849622365,10,I:T17S
1PPF__1664,6.471246,4.524936050048764,10,I:L18H
2FTL__2278,9.424007,9.019028350356391,10,I:K15E
1IAR__1121,0.12484209,0.1034555989602227,10,A:Q78A
1PPF__1769,5.055347,3.9165272285797297,10,I:Y20T
1XD3__2086,-0.8621878,0.9914874030807466,10,B:R42L
1EAW__867,1.5027753,0.6626098539386724,10,A:D47A
