index,fold,pdbid,mutation,predicted_value,true_value
8,1,1ak4,HD487R,0.3459526002407074,1.48
10,1,1ak4,ID491V,0.2640040516853332,-0.17
19,1,1bj1,GW88A,2.2432494163513184,2.76
26,1,1bj1,KW48A,0.347378671169281,0.41
27,1,1bj1,KW84A,0.347378671169281,0.65
33,1,1bj1,RW82A,0.378592848777771,3.69
45,1,1cz8,KW48A,0.3538919985294342,0.0
61,1,1dqj,TC89A,1.280333399772644,0.8
74,1,1dqj,YL96A,1.9229443073272705,1.1
84,1,1dvf,DB58A,0.625281572341919,1.62
99,1,1dvf,RD106A,0.625281572341919,4.13
101,1,1ffw,AA90V,0.3896383047103882,0.09
104,1,1ffw,EA93K,0.2929062247276306,0.82
110,1,1jrh,EI45Q,0.4806288182735443,0.11
117,1,1ktz,DB118A,0.3385998606681824,0.9
122,1,1ktz,EB55A,0.7313700914382935,1.3
147,1,1mhp,GH102S,1.96204686164856,8.0
150,1,1mhp,GH53Q,5.396213531494141,8.0
160,1,1mhp,KH64E,0.6165971159934998,-0.16
172,1,1mhp,TH33V,2.1027908325195312,0.43
189,1,1mhp,NL30K,2.1654815673828125,8.0
211,1,1mlc,TH31A,0.2865873873233795,0.45
214,1,1mlc,TH58D,0.2865873873233795,-0.56
226,1,1n8z,TH54A,0.4450789093971252,0.78
233,1,1n8z,YH52A,1.148622989654541,0.23
235,1,1n8z,DL28N,1.3071722984313965,-0.28
244,1,1n8z,SL52A,1.041582107543945,-0.31
250,1,1n8z,YL92A,0.5267521739006042,1.36
257,1,1vfb,NC19A,0.9989988803863524,0.3
264,1,1vfb,DH100A,0.5514636039733887,2.9
290,1,1vfb,YL50A,0.5514636039733887,0.5
318,1,2jel,KP72E,0.4950145781040191,0.41
325,1,2jel,QP4K,2.119729995727539,1.38
354,1,2nyy,QA915A,1.5211164951324463,0.52
355,1,2nyy,RA1061A,1.52374267578125,0.82
360,1,2nyy,KH30R,1.519803762435913,0.07
364,1,2nyy,YH57Q,2.013617992401123,0.52
372,1,2nz9,FA917A,1.835909485816956,-0.05
384,1,2nz9,RA1294A,1.522955060005188,0.39
388,1,3bdy,DH32A,0.4723514020442962,0.2
397,1,3bdy,RH60A,0.4407366514205932,-0.2
403,1,3bdy,YH53A,1.3735443353652954,0.4
410,1,3bdy,IL33A,0.4407366514205932,0.8
424,1,3be1,FH104A,1.0724122524261477,1.9
438,1,3be1,YH57A,0.499088704586029,1.8
448,1,3be1,SL34A,1.0250177383422852,-0.2
458,1,3bn9,DA47A,0.646392822265625,0.31
485,1,3bn9,SH30G,0.6052619218826294,1.36
495,1,3hfm,SH31A,1.443533182144165,0.17
502,1,3hfm,QL53A,0.5145546197891235,0.95
512,1,3hfm,YY20A,1.983616828918457,4.87
517,1,3k2m,YD35A,1.0515661239624023,1.0
522,1,3ngb,IH30T,1.14320969581604,0.08
525,1,3ngb,RH53N,1.0788729190826416,0.05
533,1,3nps,DA47A,0.8054579496383667,1.08
534,1,3nps,DA91A,0.8154645562171936,1.52
560,1,HM_1KTZ,DB32N,1.4022510051727295,2.0
574,1,HM_1KTZ,SB49A,0.3662073016166687,0.3
592,1,HM_1YY9,QL27Y,0.7331094741821289,-0.83
600,1,HM_2NYY,IA917A,1.553017497062683,0.95
609,1,HM_2NYY,RA903A,1.5449590682983398,-0.02
611,1,HM_2NYY,TA923A,1.5263545513153076,0.62
619,1,HM_2NYY,SL28Q,1.699927806854248,0.7
621,1,HM_2NZ9,DA1062A,1.5373154878616333,-0.14
624,1,HM_2NZ9,FA953A,1.758664608001709,1.53
